Workbook

Sheet Sheet1
B1: ='[1]تقرير فرعي D_A Description'!K3 -> 0 | C1: ='[1]تقرير فرعي D_A Description'!E3 -> 0 | D1: ='[1]تقرير فرعي D_A Description'!F3 -> 0 | E1: ='[1]تقرير فرعي D_A Description'!C3 -> 0 | F1: ='[1]تقرير فرعي D_A Description'!J3 -> 0 | G1: ='[1]تقرير فرعي D_A Description'!G3 -> 0 | H1: ='[1]تقرير فرعي D_A Description'!H3 -> 0 | I1: ='[1]تقرير فرعي D_A Description'!B3 -> 0
B2: ='[1]تقرير فرعي D_A Description'!K4 -> DFSU 776355.9 | C2: ='[1]تقرير فرعي D_A Description'!E4 -> 237629895 | D2: ='[1]تقرير فرعي D_A Description'!F4 -> شركة السيار للتوكيلات الملاحية | E2: ='[1]تقرير فرعي D_A Description'!C4 -> 1 | F2: ='[1]تقرير فرعي D_A Description'!J4 -> 40HQ | G2: ='[1]تقرير فرعي D_A Description'!G4 -> 86 | H2: ='[1]تقرير فرعي D_A Description'!H4 -> 6350 | I2: ='[1]تقرير فرعي D_A Description'!B4 -> 523917-562395-256839
B3: ='[1]تقرير فرعي D_A Description'!K8 -> CIPU 503525.0 | C3: ='[1]تقرير فرعي D_A Description'!E8 -> 237629934 | D3: ='[1]تقرير فرعي D_A Description'!F8 -> شركة السيار للتوكيلات الملاحية | E3: ='[1]تقرير فرعي D_A Description'!C8 -> 1 | F3: ='[1]تقرير فرعي D_A Description'!J8 -> 40HQ | G3: ='[1]تقرير فرعي D_A Description'!G8 -> 86 | H3: ='[1]تقرير فرعي D_A Description'!H8 -> 6450 | I3: ='[1]تقرير فرعي D_A Description'!B8 -> 475431-568226-355893
B4: ='[1]تقرير فرعي D_A Description'!K12 -> TCKU 723114.7 | C4: ='[1]تقرير فرعي D_A Description'!E12 -> 237629948 | D4: ='[1]تقرير فرعي D_A Description'!F12 -> شركة السيار للتوكيلات الملاحية | E4: ='[1]تقرير فرعي D_A Description'!C12 -> 1 | F4: ='[1]تقرير فرعي D_A Description'!J12 -> 40HQ | G4: ='[1]تقرير فرعي D_A Description'!G12 -> 86 | H4: ='[1]تقرير فرعي D_A Description'!H12 -> 6350 | I4: ='[1]تقرير فرعي D_A Description'!B12 -> 060074-011256-693540
B5: ='[1]تقرير فرعي D_A Description'!K16 -> MRKU 585941.4 | C5: ='[1]تقرير فرعي D_A Description'!E16 -> 237629978 | D5: ='[1]تقرير فرعي D_A Description'!F16 -> شركة السيار للتوكيلات الملاحية | E5: ='[1]تقرير فرعي D_A Description'!C16 -> 1 | F5: ='[1]تقرير فرعي D_A Description'!J16 -> 40HQ | G5: ='[1]تقرير فرعي D_A Description'!G16 -> 86 | H5: ='[1]تقرير فرعي D_A Description'!H16 -> 6450 | I5: ='[1]تقرير فرعي D_A Description'!B16 -> 489477-482833-296984
B6: ='[1]تقرير فرعي D_A Description'!K20 -> TCNU 549653.7 | C6: ='[1]تقرير فرعي D_A Description'!E20 -> 237740105 | D6: ='[1]تقرير فرعي D_A Description'!F20 -> شركة السيار للتوكيلات الملاحية | E6: ='[1]تقرير فرعي D_A Description'!C20 -> 1 | F6: ='[1]تقرير فرعي D_A Description'!J20 -> 40HQ | G6: ='[1]تقرير فرعي D_A Description'!G20 -> 86 | H6: ='[1]تقرير فرعي D_A Description'!H20 -> 6350 | I6: ='[1]تقرير فرعي D_A Description'!B20 -> 276034-496657-268046
B7: ='[1]تقرير فرعي D_A Description'!K24 -> MRKU 498664.6 | C7: ='[1]تقرير فرعي D_A Description'!E24 -> 237740149 | D7: ='[1]تقرير فرعي D_A Description'!F24 -> شركة السيار للتوكيلات الملاحية | E7: ='[1]تقرير فرعي D_A Description'!C24 -> 1 | F7: ='[1]تقرير فرعي D_A Description'!J24 -> 40HQ | G7: ='[1]تقرير فرعي D_A Description'!G24 -> 86 | H7: ='[1]تقرير فرعي D_A Description'!H24 -> 6250 | I7: ='[1]تقرير فرعي D_A Description'!B24 -> 329522-263849-827499
B8: ='[1]تقرير فرعي D_A Description'!K28 -> PONU 762614.1 | C8: ='[1]تقرير فرعي D_A Description'!E28 -> 237740176 | D8: ='[1]تقرير فرعي D_A Description'!F28 -> شركة السيار للتوكيلات الملاحية | E8: ='[1]تقرير فرعي D_A Description'!C28 -> 1 | F8: ='[1]تقرير فرعي D_A Description'!J28 -> 40HQ | G8: ='[1]تقرير فرعي D_A Description'!G28 -> 86 | H8: ='[1]تقرير فرعي D_A Description'!H28 -> 6250 | I8: ='[1]تقرير فرعي D_A Description'!B28 -> 079894-515631-201658
B9: ='[1]تقرير فرعي D_A Description'!K32 -> PONU 826560.8 | C9: ='[1]تقرير فرعي D_A Description'!E32 -> 237740207 | D9: ='[1]تقرير فرعي D_A Description'!F32 -> شركة السيار للتوكيلات الملاحية | E9: ='[1]تقرير فرعي D_A Description'!C32 -> 1 | F9: ='[1]تقرير فرعي D_A Description'!J32 -> 40HQ | G9: ='[1]تقرير فرعي D_A Description'!G32 -> 86 | H9: ='[1]تقرير فرعي D_A Description'!H32 -> 6450 | I9: ='[1]تقرير فرعي D_A Description'!B32 -> 569156-848557-463850
B10: ='[1]تقرير فرعي D_A Description'!K36 -> MRSU 508506.0 | C10: ='[1]تقرير فرعي D_A Description'!E36 -> 237740244 | D10: ='[1]تقرير فرعي D_A Description'!F36 -> شركة السيار للتوكيلات الملاحية | E10: ='[1]تقرير فرعي D_A Description'!C36 -> 1 | F10: ='[1]تقرير فرعي D_A Description'!J36 -> 40HQ | G10: ='[1]تقرير فرعي D_A Description'!G36 -> 86 | H10: ='[1]تقرير فرعي D_A Description'!H36 -> 6450 | I10: ='[1]تقرير فرعي D_A Description'!B36 -> 0229604-51529-002493
B11: ='[1]تقرير فرعي D_A Description'!K40 -> HASU 509288.1 | C11: ='[1]تقرير فرعي D_A Description'!E40 -> 238148207 | D11: ='[1]تقرير فرعي D_A Description'!F40 -> شركة السيار للتوكيلات الملاحية | E11: ='[1]تقرير فرعي D_A Description'!C40 -> 5 | F11: ='[1]تقرير فرعي D_A Description'!J40 -> 40HQ | G11: ='[1]تقرير فرعي D_A Description'!G40 -> 86 | H11: ='[1]تقرير فرعي D_A Description'!H40 -> 6870 | I11: ='[1]تقرير فرعي D_A Description'!B40 -> 5TFUY5F15BX205346-218048-506639
B12: ='[1]تقرير فرعي D_A Description'!K41 -> CAAU 563466.6 | C12: ='[1]تقرير فرعي D_A Description'!E41 -> 238148207 | D12: ='[1]تقرير فرعي D_A Description'!F41 -> شركة السيار للتوكيلات الملاحية | E12: ='[1]تقرير فرعي D_A Description'!C41 -> 5 | F12: ='[1]تقرير فرعي D_A Description'!J41 -> 40HQ | G12: ='[1]تقرير فرعي D_A Description'!G41 -> 86 | H12: ='[1]تقرير فرعي D_A Description'!H41 -> 6870 | I12: ='[1]تقرير فرعي D_A Description'!B41 -> 424181-007610-727813
B13: ='[1]تقرير فرعي D_A Description'!K42 -> TCNU 876679.1 | C13: ='[1]تقرير فرعي D_A Description'!E42 -> 238148207 | D13: ='[1]تقرير فرعي D_A Description'!F42 -> شركة السيار للتوكيلات الملاحية | E13: ='[1]تقرير فرعي D_A Description'!C42 -> 5 | F13: ='[1]تقرير فرعي D_A Description'!J42 -> 40HQ | G13: ='[1]تقرير فرعي D_A Description'!G42 -> 86 | H13: ='[1]تقرير فرعي D_A Description'!H42 -> 6870 | I13: ='[1]تقرير فرعي D_A Description'!B42 -> 224735-399840-378110-173148
B14: ='[1]تقرير فرعي D_A Description'!K43 -> MRKU 414499.3 | C14: ='[1]تقرير فرعي D_A Description'!E43 -> 238148207 | D14: ='[1]تقرير فرعي D_A Description'!F43 -> شركة السيار للتوكيلات الملاحية | E14: ='[1]تقرير فرعي D_A Description'!C43 -> 5 | F14: ='[1]تقرير فرعي D_A Description'!J43 -> 40HQ | G14: ='[1]تقرير فرعي D_A Description'!G43 -> 86 | H14: ='[1]تقرير فرعي D_A Description'!H43 -> 6870 | I14: ='[1]تقرير فرعي D_A Description'!B43 -> 441216-016089-809887-118683
B15: ='[1]تقرير فرعي D_A Description'!K44 -> HASU 454917.1 | C15: ='[1]تقرير فرعي D_A Description'!E44 -> 238148207 | D15: ='[1]تقرير فرعي D_A Description'!F44 -> شركة السيار للتوكيلات الملاحية | E15: ='[1]تقرير فرعي D_A Description'!C44 -> 5 | F15: ='[1]تقرير فرعي D_A Description'!J44 -> 40HQ | G15: ='[1]تقرير فرعي D_A Description'!G44 -> 86 | H15: ='[1]تقرير فرعي D_A Description'!H44 -> 6870 | I15: ='[1]تقرير فرعي D_A Description'!B44 -> 098240-077271-276763
B16: ='[1]تقرير فرعي D_A Description'!K66 -> MRSU 613216.6 | C16: ='[1]تقرير فرعي D_A Description'!E66 -> 238152130 | D16: ='[1]تقرير فرعي D_A Description'!F66 -> شركة السيار للتوكيلات الملاحية | E16: ='[1]تقرير فرعي D_A Description'!C66 -> 1 | F16: ='[1]تقرير فرعي D_A Description'!J66 -> 40HQ | G16: ='[1]تقرير فرعي D_A Description'!G66 -> 86 | H16: ='[1]تقرير فرعي D_A Description'!H66 -> 6450 | I16: ='[1]تقرير فرعي D_A Description'!B66 -> 127372-540893-264407
B17: ='[1]تقرير فرعي D_A Description'!K70 -> TGBU 535936.5 | C17: ='[1]تقرير فرعي D_A Description'!E70 -> 238152189 | D17: ='[1]تقرير فرعي D_A Description'!F70 -> شركة السيار للتوكيلات الملاحية | E17: ='[1]تقرير فرعي D_A Description'!C70 -> 1 | F17: ='[1]تقرير فرعي D_A Description'!J70 -> 40HQ | G17: ='[1]تقرير فرعي D_A Description'!G70 -> 86 | H17: ='[1]تقرير فرعي D_A Description'!H70 -> 6450 | I17: ='[1]تقرير فرعي D_A Description'!B70 -> 123526-412418-273706
B18: ='[1]تقرير فرعي D_A Description'!K74 -> TCLU 797823.2 | C18: ='[1]تقرير فرعي D_A Description'!E74 -> 238152210 | D18: ='[1]تقرير فرعي D_A Description'!F74 -> شركة السيار للتوكيلات الملاحية | E18: ='[1]تقرير فرعي D_A Description'!C74 -> 1 | F18: ='[1]تقرير فرعي D_A Description'!J74 -> 40HQ | G18: ='[1]تقرير فرعي D_A Description'!G74 -> 86 | H18: ='[1]تقرير فرعي D_A Description'!H74 -> 6350 | I18: ='[1]تقرير فرعي D_A Description'!B74 -> 007256-154867-803531
B19: ='[1]تقرير فرعي D_A Description'!K78 -> MRKU 401919.0 | C19: ='[1]تقرير فرعي D_A Description'!E78 -> 238152220 | D19: ='[1]تقرير فرعي D_A Description'!F78 -> شركة السيار للتوكيلات الملاحية | E19: ='[1]تقرير فرعي D_A Description'!C78 -> 1 | F19: ='[1]تقرير فرعي D_A Description'!J78 -> 40HQ | G19: ='[1]تقرير فرعي D_A Description'!G78 -> 86 | H19: ='[1]تقرير فرعي D_A Description'!H78 -> 6450 | I19: ='[1]تقرير فرعي D_A Description'!B78 -> 234150-028526-045281
B20: ='[1]تقرير فرعي D_A Description'!K82 -> MRSU 341962.0 | C20: ='[1]تقرير فرعي D_A Description'!E82 -> 238152225 | D20: ='[1]تقرير فرعي D_A Description'!F82 -> شركة السيار للتوكيلات الملاحية | E20: ='[1]تقرير فرعي D_A Description'!C82 -> 1 | F20: ='[1]تقرير فرعي D_A Description'!J82 -> 40HQ | G20: ='[1]تقرير فرعي D_A Description'!G82 -> 86 | H20: ='[1]تقرير فرعي D_A Description'!H82 -> 6450 | I20: ='[1]تقرير فرعي D_A Description'!B82 -> 219994-213436-214479
B21: ='[1]تقرير فرعي D_A Description'!K86 -> WCIU 991317.9 | C21: ='[1]تقرير فرعي D_A Description'!E86 -> 238152242 | D21: ='[1]تقرير فرعي D_A Description'!F86 -> شركة السيار للتوكيلات الملاحية | E21: ='[1]تقرير فرعي D_A Description'!C86 -> 1 | F21: ='[1]تقرير فرعي D_A Description'!J86 -> 40HQ | G21: ='[1]تقرير فرعي D_A Description'!G86 -> 86 | H21: ='[1]تقرير فرعي D_A Description'!H86 -> 6350 | I21: ='[1]تقرير فرعي D_A Description'!B86 -> 229497-448647-300700
B22: ='[1]تقرير فرعي D_A Description'!K90 -> MRSU 649292.2 | C22: ='[1]تقرير فرعي D_A Description'!E90 -> 238152253 | D22: ='[1]تقرير فرعي D_A Description'!F90 -> شركة السيار للتوكيلات الملاحية | E22: ='[1]تقرير فرعي D_A Description'!C90 -> 1 | F22: ='[1]تقرير فرعي D_A Description'!J90 -> 40HQ | G22: ='[1]تقرير فرعي D_A Description'!G90 -> 86 | H22: ='[1]تقرير فرعي D_A Description'!H90 -> 6450 | I22: ='[1]تقرير فرعي D_A Description'!B90 -> 119731-095330-951805
B23: ='[1]تقرير فرعي D_A Description'!K94 -> HASU 495031.1 | C23: ='[1]تقرير فرعي D_A Description'!E94 -> 238152261 | D23: ='[1]تقرير فرعي D_A Description'!F94 -> شركة السيار للتوكيلات الملاحية | E23: ='[1]تقرير فرعي D_A Description'!C94 -> 1 | F23: ='[1]تقرير فرعي D_A Description'!J94 -> 40HQ | G23: ='[1]تقرير فرعي D_A Description'!G94 -> 86 | H23: ='[1]تقرير فرعي D_A Description'!H94 -> 6450 | I23: ='[1]تقرير فرعي D_A Description'!B94 -> 027275-060422-225769
B24: ='[1]تقرير فرعي D_A Description'!K98 -> HASU 511594.5 | C24: ='[1]تقرير فرعي D_A Description'!E98 -> 238266346 | D24: ='[1]تقرير فرعي D_A Description'!F98 -> شركة السيار للتوكيلات الملاحية | E24: ='[1]تقرير فرعي D_A Description'!C98 -> 5 | F24: ='[1]تقرير فرعي D_A Description'!J98 -> 40HQ | G24: 86 | H24: 6140 | I24: ='[1]تقرير فرعي D_A Description'!B98 -> 010537-069463-007081-
B25: ='[1]تقرير فرعي D_A Description'!K99 -> AMFU 878443.2 | C25: ='[1]تقرير فرعي D_A Description'!E99 -> 0 | D25: ='[1]تقرير فرعي D_A Description'!F99 -> 0 | E25: ='[1]تقرير فرعي D_A Description'!C99 -> 0 | F25: ='[1]تقرير فرعي D_A Description'!J99 -> 40HQ | G25: 86 | H25: 6140 | I25: ='[1]تقرير فرعي D_A Description'!B99 -> 128435-090887-170325
B26: ='[1]تقرير فرعي D_A Description'!K100 -> SUDU 852978.8 | C26: ='[1]تقرير فرعي D_A Description'!E100 -> 0 | D26: ='[1]تقرير فرعي D_A Description'!F100 -> 0 | E26: ='[1]تقرير فرعي D_A Description'!C100 -> 0 | F26: ='[1]تقرير فرعي D_A Description'!J100 -> 40HQ | G26: 86 | H26: 6140 | I26: ='[1]تقرير فرعي D_A Description'!B100 -> 273562-506022-544398
B27: ='[1]تقرير فرعي D_A Description'!K101 -> MRSU 485987.6 | C27: ='[1]تقرير فرعي D_A Description'!E101 -> 0 | D27: ='[1]تقرير فرعي D_A Description'!F101 -> 0 | E27: ='[1]تقرير فرعي D_A Description'!C101 -> 0 | F27: ='[1]تقرير فرعي D_A Description'!J101 -> 40HQ | G27: 86 | H27: 6140 | I27: ='[1]تقرير فرعي D_A Description'!B101 -> 207390-641221-088294
B28: ='[1]تقرير فرعي D_A Description'!K102 -> MSKU 146866.6 | C28: ='[1]تقرير فرعي D_A Description'!E102 -> 0 | D28: ='[1]تقرير فرعي D_A Description'!F102 -> 0 | E28: ='[1]تقرير فرعي D_A Description'!C102 -> 0 | F28: ='[1]تقرير فرعي D_A Description'!J102 -> 40HQ | G28: ='[1]تقرير فرعي D_A Description'!G102 -> 0 | H28: ='[1]تقرير فرعي D_A Description'!H102 -> 0 | I28: ='[1]تقرير فرعي D_A Description'!B102 -> 018033-141708-823301
B29: ='[1]تقرير فرعي D_A Description'!K122 -> TCKU 738791.0 | C29: ='[1]تقرير فرعي D_A Description'!E122 -> 238266368 | D29: ='[1]تقرير فرعي D_A Description'!F122 -> شركة السيار للتوكيلات الملاحية | E29: ='[1]تقرير فرعي D_A Description'!C122 -> 5 | F29: ='[1]تقرير فرعي D_A Description'!J122 -> 40HQ | G29: 86 | H29: 7220 | I29: ='[1]تقرير فرعي D_A Description'!B122 -> 076106-219706-336496
B30: ='[1]تقرير فرعي D_A Description'!K123 -> MRKU 343627.0 | C30: ='[1]تقرير فرعي D_A Description'!E123 -> 0 | D30: ='[1]تقرير فرعي D_A Description'!F123 -> 0 | E30: ='[1]تقرير فرعي D_A Description'!C123 -> 0 | F30: ='[1]تقرير فرعي D_A Description'!J123 -> 40HQ | G30: 86 | H30: 7220 | I30: ='[1]تقرير فرعي D_A Description'!B123 -> 060946-223715-581611
B31: ='[1]تقرير فرعي D_A Description'!K124 -> MRKU 388502.9 | C31: ='[1]تقرير فرعي D_A Description'!E124 -> 0 | D31: ='[1]تقرير فرعي D_A Description'!F124 -> 0 | E31: ='[1]تقرير فرعي D_A Description'!C124 -> 0 | F31: ='[1]تقرير فرعي D_A Description'!J124 -> 40HQ | G31: 86 | H31: 7220 | I31: ='[1]تقرير فرعي D_A Description'!B124 -> 933654-287068-224668-488631
B32: ='[1]تقرير فرعي D_A Description'!K125 -> MSKU 018285.2 | C32: ='[1]تقرير فرعي D_A Description'!E125 -> 0 | D32: ='[1]تقرير فرعي D_A Description'!F125 -> 0 | E32: ='[1]تقرير فرعي D_A Description'!C125 -> 0 | F32: ='[1]تقرير فرعي D_A Description'!J125 -> 40HQ | G32: 86 | H32: 7220 | I32: ='[1]تقرير فرعي D_A Description'!B125 -> 031745-042338-189619-218959
B33: ='[1]تقرير فرعي D_A Description'!K126 -> MRSU 535123.6 | C33: ='[1]تقرير فرعي D_A Description'!E126 -> 0 | D33: ='[1]تقرير فرعي D_A Description'!F126 -> 0 | E33: ='[1]تقرير فرعي D_A Description'!C126 -> 0 | F33: ='[1]تقرير فرعي D_A Description'!J126 -> 40HQ | G33: ='[1]تقرير فرعي D_A Description'!G126 -> 0 | H33: ='[1]تقرير فرعي D_A Description'!H126 -> 0 | I33: ='[1]تقرير فرعي D_A Description'!B126 -> 106131-404989-097540-685683
B34: ='[1]تقرير فرعي D_A Description'!K149 -> MSKU 156140.2 | C34: ='[1]تقرير فرعي D_A Description'!E149 -> 238267324 | D34: ='[1]تقرير فرعي D_A Description'!F149 -> شركة السيار للتوكيلات الملاحية | E34: ='[1]تقرير فرعي D_A Description'!C149 -> 1 | F34: ='[1]تقرير فرعي D_A Description'!J149 -> 40HQ | G34: ='[1]تقرير فرعي D_A Description'!G149 -> 86 | H34: ='[1]تقرير فرعي D_A Description'!H149 -> 6850 | I34: ='[1]تقرير فرعي D_A Description'!B149 -> 370762-541364-306300
B35: ='[1]تقرير فرعي D_A Description'!K153 -> CAAU 663345.3 | C35: ='[1]تقرير فرعي D_A Description'!E153 -> 238267334 | D35: ='[1]تقرير فرعي D_A Description'!F153 -> شركة السيار للتوكيلات الملاحية | E35: ='[1]تقرير فرعي D_A Description'!C153 -> 1 | F35: ='[1]تقرير فرعي D_A Description'!J153 -> 40HQ | G35: ='[1]تقرير فرعي D_A Description'!G153 -> 86 | H35: ='[1]تقرير فرعي D_A Description'!H153 -> 6450 | I35: ='[1]تقرير فرعي D_A Description'!B153 -> 767706-057833-058486
B36: ='[1]تقرير فرعي D_A Description'!K157 -> MSKU 133761.9 | C36: ='[1]تقرير فرعي D_A Description'!E157 -> 238267344 | D36: ='[1]تقرير فرعي D_A Description'!F157 -> شركة السيار للتوكيلات الملاحية | E36: ='[1]تقرير فرعي D_A Description'!C157 -> 1 | F36: ='[1]تقرير فرعي D_A Description'!J157 -> 40HQ | G36: ='[1]تقرير فرعي D_A Description'!G157 -> 86 | H36: ='[1]تقرير فرعي D_A Description'!H157 -> 6350 | I36: ='[1]تقرير فرعي D_A Description'!B157 -> 972582-252058-103639
B37: ='[1]تقرير فرعي D_A Description'!K161 -> MRSU 490997.7 | C37: ='[1]تقرير فرعي D_A Description'!E161 -> 238267360 | D37: ='[1]تقرير فرعي D_A Description'!F161 -> شركة السيار للتوكيلات الملاحية | E37: ='[1]تقرير فرعي D_A Description'!C161 -> 1 | F37: ='[1]تقرير فرعي D_A Description'!J161 -> 40HQ | G37: ='[1]تقرير فرعي D_A Description'!G161 -> 86 | H37: ='[1]تقرير فرعي D_A Description'!H161 -> 6350 | I37: ='[1]تقرير فرعي D_A Description'!B161 -> 076675-007936-108397
B38: ='[1]تقرير فرعي D_A Description'!K165 -> MSKU 079227.0 | C38: ='[1]تقرير فرعي D_A Description'!E165 -> 238267368 | D38: ='[1]تقرير فرعي D_A Description'!F165 -> شركة السيار للتوكيلات الملاحية | E38: ='[1]تقرير فرعي D_A Description'!C165 -> 1 | F38: ='[1]تقرير فرعي D_A Description'!J165 -> 40HQ | G38: ='[1]تقرير فرعي D_A Description'!G165 -> 86 | H38: ='[1]تقرير فرعي D_A Description'!H165 -> 6250 | I38: ='[1]تقرير فرعي D_A Description'!B165 -> 491602-151961-839349
B39: ='[1]تقرير فرعي D_A Description'!K169 -> MRKU 338021.1 | C39: ='[1]تقرير فرعي D_A Description'!E169 -> 239183402 | D39: ='[1]تقرير فرعي D_A Description'!F169 -> شركة السيار للتوكيلات الملاحية | E39: ='[1]تقرير فرعي D_A Description'!C169 -> 1 | F39: ='[1]تقرير فرعي D_A Description'!J169 -> 40HQ | G39: ='[1]تقرير فرعي D_A Description'!G169 -> 86 | H39: ='[1]تقرير فرعي D_A Description'!H169 -> 6450 | I39: ='[1]تقرير فرعي D_A Description'!B169 -> 064288-923440-106229
B40: ='[1]تقرير فرعي D_A Description'!K173 -> CAAU 531532.9 | C40: ='[1]تقرير فرعي D_A Description'!E173 -> 239183412 | D40: ='[1]تقرير فرعي D_A Description'!F173 -> شركة السيار للتوكيلات الملاحية | E40: ='[1]تقرير فرعي D_A Description'!C173 -> 1 | F40: ='[1]تقرير فرعي D_A Description'!J173 -> 40HQ | G40: ='[1]تقرير فرعي D_A Description'!G173 -> 86 | H40: ='[1]تقرير فرعي D_A Description'!H173 -> 6250 | I40: ='[1]تقرير فرعي D_A Description'!B173 -> 001037-169540-166502
B41: ='[1]تقرير فرعي D_A Description'!K177 -> TCNU 369844.1 | C41: ='[1]تقرير فرعي D_A Description'!E177 -> 239183434 | D41: ='[1]تقرير فرعي D_A Description'!F177 -> شركة السيار للتوكيلات الملاحية | E41: ='[1]تقرير فرعي D_A Description'!C177 -> 1 | F41: ='[1]تقرير فرعي D_A Description'!J177 -> 40HQ | G41: ='[1]تقرير فرعي D_A Description'!G177 -> 86 | H41: ='[1]تقرير فرعي D_A Description'!H177 -> 6450 | I41: ='[1]تقرير فرعي D_A Description'!B177 -> 090965-144341-405955
B42: ='[1]تقرير فرعي D_A Description'!K181 -> GAOU 687738.5 | C42: ='[1]تقرير فرعي D_A Description'!E181 -> 239183445 | D42: ='[1]تقرير فرعي D_A Description'!F181 -> شركة السيار للتوكيلات الملاحية | E42: ='[1]تقرير فرعي D_A Description'!C181 -> 1 | F42: ='[1]تقرير فرعي D_A Description'!J181 -> 40HQ | G42: ='[1]تقرير فرعي D_A Description'!G181 -> 86 | H42: ='[1]تقرير فرعي D_A Description'!H181 -> 6350 | I42: ='[1]تقرير فرعي D_A Description'!B181 -> 260977-418561-032055
B43: ='[1]تقرير فرعي D_A Description'!K185 -> MRSU 504225.8 | C43: ='[1]تقرير فرعي D_A Description'!E185 -> 239183499 | D43: ='[1]تقرير فرعي D_A Description'!F185 -> شركة السيار للتوكيلات الملاحية | E43: ='[1]تقرير فرعي D_A Description'!C185 -> 1 | F43: ='[1]تقرير فرعي D_A Description'!J185 -> 40HQ | G43: ='[1]تقرير فرعي D_A Description'!G185 -> 86 | H43: ='[1]تقرير فرعي D_A Description'!H185 -> 6450 | I43: ='[1]تقرير فرعي D_A Description'!B185 -> 776763-583699-271612
B44: ='[1]تقرير فرعي D_A Description'!K189 -> MRKU 325978.7 | C44: ='[1]تقرير فرعي D_A Description'!E189 -> 239183518 | D44: ='[1]تقرير فرعي D_A Description'!F189 -> شركة السيار للتوكيلات الملاحية | E44: ='[1]تقرير فرعي D_A Description'!C189 -> 1 | F44: ='[1]تقرير فرعي D_A Description'!J189 -> 40HQ | G44: ='[1]تقرير فرعي D_A Description'!G189 -> 86 | H44: ='[1]تقرير فرعي D_A Description'!H189 -> 6150 | I44: ='[1]تقرير فرعي D_A Description'!B189 -> 371722-034124-097389
B45: ='[1]تقرير فرعي D_A Description'!K193 -> MSKU 145422.0 | C45: ='[1]تقرير فرعي D_A Description'!E193 -> 239183523 | D45: ='[1]تقرير فرعي D_A Description'!F193 -> شركة السيار للتوكيلات الملاحية | E45: ='[1]تقرير فرعي D_A Description'!C193 -> 1 | F45: ='[1]تقرير فرعي D_A Description'!J193 -> 40HQ | G45: ='[1]تقرير فرعي D_A Description'!G193 -> 86 | H45: ='[1]تقرير فرعي D_A Description'!H193 -> 6450 | I45: ='[1]تقرير فرعي D_A Description'!B193 -> 040102-479570-533422
B46: ='[1]تقرير فرعي D_A Description'!K197 -> MRKU 525783.9 | C46: ='[1]تقرير فرعي D_A Description'!E197 -> 239183533 | D46: ='[1]تقرير فرعي D_A Description'!F197 -> شركة السيار للتوكيلات الملاحية | E46: ='[1]تقرير فرعي D_A Description'!C197 -> 1 | F46: ='[1]تقرير فرعي D_A Description'!J197 -> 40HQ | G46: ='[1]تقرير فرعي D_A Description'!G197 -> 86 | H46: ='[1]تقرير فرعي D_A Description'!H197 -> 6550 | I46: ='[1]تقرير فرعي D_A Description'!B197 -> 187212-355253-099033
B47: ='[1]تقرير فرعي D_A Description'!K201 -> MRSU 371544.7 | C47: ='[1]تقرير فرعي D_A Description'!E201 -> 239183548 | D47: ='[1]تقرير فرعي D_A Description'!F201 -> شركة السيار للتوكيلات الملاحية | E47: ='[1]تقرير فرعي D_A Description'!C201 -> 1 | F47: ='[1]تقرير فرعي D_A Description'!J201 -> 40HQ | G47: ='[1]تقرير فرعي D_A Description'!G201 -> 86 | H47: ='[1]تقرير فرعي D_A Description'!H201 -> 6250 | I47: ='[1]تقرير فرعي D_A Description'!B201 -> 047798-349934-142413
B48: ='[1]تقرير فرعي D_A Description'!K205 -> FFAU 186711.2 | C48: ='[1]تقرير فرعي D_A Description'!E205 -> 239183552 | D48: ='[1]تقرير فرعي D_A Description'!F205 -> شركة السيار للتوكيلات الملاحية | E48: ='[1]تقرير فرعي D_A Description'!C205 -> 1 | F48: ='[1]تقرير فرعي D_A Description'!J205 -> 40HQ | G48: ='[1]تقرير فرعي D_A Description'!G205 -> 86 | H48: ='[1]تقرير فرعي D_A Description'!H205 -> 6350 | I48: ='[1]تقرير فرعي D_A Description'!B205 -> 818079-544258-026739
B49: ='[1]تقرير فرعي D_A Description'!K209 -> MSKU 468732.8 | C49: ='[1]تقرير فرعي D_A Description'!E209 -> 239481614 | D49: ='[1]تقرير فرعي D_A Description'!F209 -> شركة السيار للتوكيلات الملاحية | E49: ='[1]تقرير فرعي D_A Description'!C209 -> 1 | F49: ='[1]تقرير فرعي D_A Description'!J209 -> 45HQ | G49: ='[1]تقرير فرعي D_A Description'!G209 -> 96 | H49: ='[1]تقرير فرعي D_A Description'!H209 -> 6650 | I49: ='[1]تقرير فرعي D_A Description'!B209 -> 515163-062041-401745
B50: ='[1]تقرير فرعي D_A Description'!K214 -> MRSU 418797.7 | C50: ='[1]تقرير فرعي D_A Description'!E214 -> 240507467 | D50: ='[1]تقرير فرعي D_A Description'!F214 -> شركة الميراد لاستيراد السيارات وقطع غيارها | E50: ='[1]تقرير فرعي D_A Description'!C214 -> 1 | F50: ='[1]تقرير فرعي D_A Description'!J214 -> 40HQ | G50: ='[1]تقرير فرعي D_A Description'!G214 -> 86 | H50: ='[1]تقرير فرعي D_A Description'!H214 -> 2000 | I50: ='[1]تقرير فرعي D_A Description'!B214 -> أغراض شخصية + عدد 1 سيارة جيب شيروكي 1550983
B51: ='[1]تقرير فرعي D_A Description'!K219 -> CIPU 522170.0 | C51: ='[1]تقرير فرعي D_A Description'!E219 -> 239117242 | D51: ='[1]تقرير فرعي D_A Description'!F219 -> شركة إعمار ليبيا القابضة | E51: ='[1]تقرير فرعي D_A Description'!C219 -> 3 | F51: ='[1]تقرير فرعي D_A Description'!J219 -> 40HQ | G51: 86 | H51: 2500 | I51: ='[1]تقرير فرعي D_A Description'!B219 -> عدد 3 طرود غطاء ألومنيوم مطلي + عدد 2 قوارب+كماليات AE SOL C 12 51 D4 24 AE SOL C 12 52 D4 24
B52: ='[1]تقرير فرعي D_A Description'!K220 -> CAIU 865821.6 | C52: ='[1]تقرير فرعي D_A Description'!E220 -> 0 | D52: ='[1]تقرير فرعي D_A Description'!F220 -> 0 | E52: ='[1]تقرير فرعي D_A Description'!C220 -> 0 | F52: ='[1]تقرير فرعي D_A Description'!J220 -> 40HQ | G52: 86 | H52: 2500 | I52: ='[1]تقرير فرعي D_A Description'!B220 -> 0
B53: ='[1]تقرير فرعي D_A Description'!K221 -> BEAU 575700.0 | C53: ='[1]تقرير فرعي D_A Description'!E221 -> 0 | D53: ='[1]تقرير فرعي D_A Description'!F221 -> 0 | E53: ='[1]تقرير فرعي D_A Description'!C221 -> 0 | F53: ='[1]تقرير فرعي D_A Description'!J221 -> 40HQ | G53: ='[1]تقرير فرعي D_A Description'!G221 -> 0 | H53: ='[1]تقرير فرعي D_A Description'!H221 -> 0 | I53: ='[1]تقرير فرعي D_A Description'!B221 -> 0
B54: ='[1]تقرير فرعي D_A Description'!K225 -> MRSU 586091.1 | C54: ='[1]تقرير فرعي D_A Description'!E225 -> 239117815 | D54: ='[1]تقرير فرعي D_A Description'!F225 -> شركة إعمار ليبيا القابضة | E54: ='[1]تقرير فرعي D_A Description'!C225 -> 3 | F54: ='[1]تقرير فرعي D_A Description'!J225 -> 40HQ | G54: 86 | H54: 2500 | I54: ='[1]تقرير فرعي D_A Description'!B225 -> عدد 3 طرود غطاء ألومنيوم مطلي + عدد 2 قوارب+ كماليات AE SOL C 12 50 D4 24 AE SOL C 12 53 D4 24
B55: ='[1]تقرير فرعي D_A Description'!K226 -> TCKU 739924.9 | C55: ='[1]تقرير فرعي D_A Description'!E226 -> 0 | D55: ='[1]تقرير فرعي D_A Description'!F226 -> 0 | E55: ='[1]تقرير فرعي D_A Description'!C226 -> 0 | F55: ='[1]تقرير فرعي D_A Description'!J226 -> 40HQ | G55: 86 | H55: 2500 | I55: ='[1]تقرير فرعي D_A Description'!B226 -> 0
B56: ='[1]تقرير فرعي D_A Description'!K227 -> MRKU 647440.1 | C56: ='[1]تقرير فرعي D_A Description'!E227 -> 0 | D56: ='[1]تقرير فرعي D_A Description'!F227 -> 0 | E56: ='[1]تقرير فرعي D_A Description'!C227 -> 0 | F56: ='[1]تقرير فرعي D_A Description'!J227 -> 40HQ | G56: ='[1]تقرير فرعي D_A Description'!G227 -> 0 | H56: ='[1]تقرير فرعي D_A Description'!H227 -> 0 | I56: ='[1]تقرير فرعي D_A Description'!B227 -> 0
B57: ='[1]تقرير فرعي D_A Description'!K232 -> TCLU 219532.1 | C57: ='[1]تقرير فرعي D_A Description'!E232 -> 238851034 | D57: ='[1]تقرير فرعي D_A Description'!F232 -> شركة إعمار ليبيا القابضة | E57: ='[1]تقرير فرعي D_A Description'!C232 -> 2 | F57: ='[1]تقرير فرعي D_A Description'!J232 -> 20DC | G57: 86 | H57: 4333 | I57: ='[1]تقرير فرعي D_A Description'!B232 -> عدد 3 طرود غطاء ألومنيوم مطلي + عدد 1 قارب AE SOL C 12 54 D4 24
B58: ='[1]تقرير فرعي D_A Description'!K233 -> CAAU 529805.2 | C58: ='[1]تقرير فرعي D_A Description'!E233 -> 0 | D58: ='[1]تقرير فرعي D_A Description'!F233 -> 0 | E58: ='[1]تقرير فرعي D_A Description'!C233 -> 0 | F58: ='[1]تقرير فرعي D_A Description'!J233 -> 40HQ | G58: ='[1]تقرير فرعي D_A Description'!G233 -> 0 | H58: ='[1]تقرير فرعي D_A Description'!H233 -> 0 | I58: ='[1]تقرير فرعي D_A Description'!B233 -> 0
B59: ='[1]تقرير فرعي D_A Description'!K238 -> MRKU 588811.4 | C59: ='[1]تقرير فرعي D_A Description'!E238 -> 238221856 | D59: ='[1]تقرير فرعي D_A Description'!F238 -> شركة الميار الدولية | E59: ='[1]تقرير فرعي D_A Description'!C238 -> 1 | F59: ='[1]تقرير فرعي D_A Description'!J238 -> 40HQ | G59: ='[1]تقرير فرعي D_A Description'!G238 -> 86 | H59: ='[1]تقرير فرعي D_A Description'!H238 -> 7710 | I59: ='[1]تقرير فرعي D_A Description'!B238 -> 653339-337409-293155
B60: ='[1]تقرير فرعي D_A Description'!K243 -> MRKU 363615.5 | C60: ='[1]تقرير فرعي D_A Description'!E243 -> 238535647 | D60: ='[1]تقرير فرعي D_A Description'!F243 -> شركة الشاطئ الأزرق | E60: ='[1]تقرير فرعي D_A Description'!C243 -> 1 | F60: ='[1]تقرير فرعي D_A Description'!J243 -> 40HQ | G60: ='[1]تقرير فرعي D_A Description'!G243 -> 86 | H60: ='[1]تقرير فرعي D_A Description'!H243 -> 6000 | I60: ='[1]تقرير فرعي D_A Description'!B243 -> 112624-319159-576546
B61: ='[1]تقرير فرعي D_A Description'!K248 -> MSKU 483049.1 | C61: ='[1]تقرير فرعي D_A Description'!E248 -> 238723785 | D61: ='[1]تقرير فرعي D_A Description'!F248 -> شركة المجموعة المتكاملة لاستيراد وسائل النقل | E61: ='[1]تقرير فرعي D_A Description'!C248 -> 1 | F61: ='[1]تقرير فرعي D_A Description'!J248 -> 45HQ | G61: ='[1]تقرير فرعي D_A Description'!G248 -> 96 | H61: ='[1]تقرير فرعي D_A Description'!H248 -> 8184 | I61: ='[1]تقرير فرعي D_A Description'!B248 -> 460219-143085-389352-434358
B62: ='[1]تقرير فرعي D_A Description'!K253 -> TXGU 526330.6 | C62: ='[1]تقرير فرعي D_A Description'!E253 -> 240511112 | D62: ='[1]تقرير فرعي D_A Description'!F253 -> شركة الوكيل الجديد لاستيراد السيارات وقطع غيارها | E62: ='[1]تقرير فرعي D_A Description'!C253 -> 2 | F62: ='[1]تقرير فرعي D_A Description'!J253 -> 40HQ | G62: 86 | H62: 5000 | I62: ='[1]تقرير فرعي D_A Description'!B253 -> 100167-120636
B63: ='[1]تقرير فرعي D_A Description'!K254 -> MTSU 963248.8 | C63: ='[1]تقرير فرعي D_A Description'!E254 -> 0 | D63: ='[1]تقرير فرعي D_A Description'!F254 -> 0 | E63: ='[1]تقرير فرعي D_A Description'!C254 -> 0 | F63: ='[1]تقرير فرعي D_A Description'!J254 -> 40HQ | G63: ='[1]تقرير فرعي D_A Description'!G254 -> 0 | H63: ='[1]تقرير فرعي D_A Description'!H254 -> 0 | I63: ='[1]تقرير فرعي D_A Description'!B254 -> 121217-145421
B64: ='[1]تقرير فرعي D_A Description'!K259 -> TGHU 955430.9 | C64: ='[1]تقرير فرعي D_A Description'!E259 -> 238587251 | D64: ='[1]تقرير فرعي D_A Description'!F259 -> شركة المنارة المضيئة | E64: ='[1]تقرير فرعي D_A Description'!C259 -> 2 | F64: ='[1]تقرير فرعي D_A Description'!J259 -> 40HQ | G64: 86 | H64: 9150 | I64: ='[1]تقرير فرعي D_A Description'!B259 -> 126607-017817-241669-047701
B65: ='[1]تقرير فرعي D_A Description'!K260 -> GESU 594896.0 | C65: ='[1]تقرير فرعي D_A Description'!E260 -> 0 | D65: ='[1]تقرير فرعي D_A Description'!F260 -> 0 | E65: ='[1]تقرير فرعي D_A Description'!C260 -> 0 | F65: ='[1]تقرير فرعي D_A Description'!J260 -> 40HQ | G65: ='[1]تقرير فرعي D_A Description'!G260 -> 0 | H65: ='[1]تقرير فرعي D_A Description'!H260 -> 0 | I65: ='[1]تقرير فرعي D_A Description'!B260 -> 116836-753315-090823-510868
B66: ='[1]تقرير فرعي D_A Description'!K273 -> MRKU 628459.3 | C66: ='[1]تقرير فرعي D_A Description'!E273 -> 238587264 | D66: ='[1]تقرير فرعي D_A Description'!F273 -> شركة المنارة المضيئة | E66: ='[1]تقرير فرعي D_A Description'!C273 -> 2 | F66: ='[1]تقرير فرعي D_A Description'!J273 -> 40HQ | G66: 86 | H66: 8300 | I66: ='[1]تقرير فرعي D_A Description'!B273 -> 025903-020994-160782
B67: ='[1]تقرير فرعي D_A Description'!K274 -> GCXU 573132.0 | C67: ='[1]تقرير فرعي D_A Description'!E274 -> 0 | D67: ='[1]تقرير فرعي D_A Description'!F274 -> 0 | E67: ='[1]تقرير فرعي D_A Description'!C274 -> 0 | F67: ='[1]تقرير فرعي D_A Description'!J274 -> 40HQ | G67: ='[1]تقرير فرعي D_A Description'!G274 -> 0 | H67: ='[1]تقرير فرعي D_A Description'!H274 -> 0 | I67: ='[1]تقرير فرعي D_A Description'!B274 -> 580862-446969-015011-025903
B68: ='[1]تقرير فرعي D_A Description'!K286 -> MRKU 432590.2 | C68: ='[1]تقرير فرعي D_A Description'!E286 -> 239008179 | D68: ='[1]تقرير فرعي D_A Description'!F286 -> شركة المنارة المضيئة | E68: ='[1]تقرير فرعي D_A Description'!C286 -> 5 | F68: ='[1]تقرير فرعي D_A Description'!J286 -> 40HQ | G68: 86 | H68: 6831.2 | I68: ='[1]تقرير فرعي D_A Description'!B286 -> 022900-053484-023424-173919
B69: ='[1]تقرير فرعي D_A Description'!K287 -> MRKU 520009.4 | C69: ='[1]تقرير فرعي D_A Description'!E287 -> 0 | D69: ='[1]تقرير فرعي D_A Description'!F287 -> 0 | E69: ='[1]تقرير فرعي D_A Description'!C287 -> 0 | F69: ='[1]تقرير فرعي D_A Description'!J287 -> 40HQ | G69: 86 | H69: 6831.2 | I69: ='[1]تقرير فرعي D_A Description'!B287 -> 029182-204838-587411-225081
B70: ='[1]تقرير فرعي D_A Description'!K288 -> TCNU 812199.8 | C70: ='[1]تقرير فرعي D_A Description'!E288 -> 0 | D70: ='[1]تقرير فرعي D_A Description'!F288 -> 0 | E70: ='[1]تقرير فرعي D_A Description'!C288 -> 0 | F70: ='[1]تقرير فرعي D_A Description'!J288 -> 40HQ | G70: 86 | H70: 6831.2 | I70: ='[1]تقرير فرعي D_A Description'!B288 -> 110615-136997-941399-024103
B71: ='[1]تقرير فرعي D_A Description'!K289 -> MRKU 232753.1 | C71: ='[1]تقرير فرعي D_A Description'!E289 -> 0 | D71: ='[1]تقرير فرعي D_A Description'!F289 -> 0 | E71: ='[1]تقرير فرعي D_A Description'!C289 -> 0 | F71: ='[1]تقرير فرعي D_A Description'!J289 -> 40HQ | G71: 86 | H71: 6831.2 | I71: ='[1]تقرير فرعي D_A Description'!B289 -> 708913-121879-042473
B72: ='[1]تقرير فرعي D_A Description'!K290 -> MRSU 490535.4 | C72: ='[1]تقرير فرعي D_A Description'!E290 -> 0 | D72: ='[1]تقرير فرعي D_A Description'!F290 -> 0 | E72: ='[1]تقرير فرعي D_A Description'!C290 -> 0 | F72: ='[1]تقرير فرعي D_A Description'!J290 -> 40HQ | G72: ='[1]تقرير فرعي D_A Description'!G290 -> 0 | H72: ='[1]تقرير فرعي D_A Description'!H290 -> 0 | I72: ='[1]تقرير فرعي D_A Description'!B290 -> 097187-723023-099761
B73: ='[1]تقرير فرعي D_A Description'!K313 -> MRKU 345477.8 | C73: ='[1]تقرير فرعي D_A Description'!E313 -> 239098921 | D73: ='[1]تقرير فرعي D_A Description'!F313 -> شركة المنارة المضيئة | E73: ='[1]تقرير فرعي D_A Description'!C313 -> 6 | F73: ='[1]تقرير فرعي D_A Description'!J313 -> 40HQ | G73: ='[1]تقرير فرعي D_A Description'!G313 -> 516 | H73: 6674.5 | I73: ='[1]تقرير فرعي D_A Description'!B313 -> 116199-238733-625231
B74: ='[1]تقرير فرعي D_A Description'!K314 -> MSKU 023615.7 | C74: ='[1]تقرير فرعي D_A Description'!E314 -> 0 | D74: ='[1]تقرير فرعي D_A Description'!F314 -> 0 | E74: ='[1]تقرير فرعي D_A Description'!C314 -> 0 | F74: ='[1]تقرير فرعي D_A Description'!J314 -> 40HQ | G74: ='[1]تقرير فرعي D_A Description'!G314 -> 0 | H74: 6674.5 | I74: ='[1]تقرير فرعي D_A Description'!B314 -> 209826-289587-410760-537658
B75: ='[1]تقرير فرعي D_A Description'!K315 -> MRSU 561289.6 | C75: ='[1]تقرير فرعي D_A Description'!E315 -> 0 | D75: ='[1]تقرير فرعي D_A Description'!F315 -> 0 | E75: ='[1]تقرير فرعي D_A Description'!C315 -> 0 | F75: ='[1]تقرير فرعي D_A Description'!J315 -> 40HQ | G75: ='[1]تقرير فرعي D_A Description'!G315 -> 0 | H75: 6674.5 | I75: ='[1]تقرير فرعي D_A Description'!B315 -> 378143-733527-207028-079620
B76: ='[1]تقرير فرعي D_A Description'!K316 -> MRSU 461984.9 | C76: ='[1]تقرير فرعي D_A Description'!E316 -> 0 | D76: ='[1]تقرير فرعي D_A Description'!F316 -> 0 | E76: ='[1]تقرير فرعي D_A Description'!C316 -> 0 | F76: ='[1]تقرير فرعي D_A Description'!J316 -> 40HQ | G76: ='[1]تقرير فرعي D_A Description'!G316 -> 0 | H76: 6674.5 | I76: ='[1]تقرير فرعي D_A Description'!B316 -> 003828-161884-140566-281108
B77: ='[1]تقرير فرعي D_A Description'!K317 -> MRSU 327004.8 | C77: ='[1]تقرير فرعي D_A Description'!E317 -> 0 | D77: ='[1]تقرير فرعي D_A Description'!F317 -> 0 | E77: ='[1]تقرير فرعي D_A Description'!C317 -> 0 | F77: ='[1]تقرير فرعي D_A Description'!J317 -> 40HQ | G77: ='[1]تقرير فرعي D_A Description'!G317 -> 0 | H77: 6674.5 | I77: ='[1]تقرير فرعي D_A Description'!B317 -> 052042-089892-003722
B78: ='[1]تقرير فرعي D_A Description'!K318 -> MRKU 291424.6 | C78: ='[1]تقرير فرعي D_A Description'!E318 -> 0 | D78: ='[1]تقرير فرعي D_A Description'!F318 -> 0 | E78: ='[1]تقرير فرعي D_A Description'!C318 -> 0 | F78: ='[1]تقرير فرعي D_A Description'!J318 -> 40HQ | G78: ='[1]تقرير فرعي D_A Description'!G318 -> 0 | H78: ='[1]تقرير فرعي D_A Description'!H318 -> 0 | I78: ='[1]تقرير فرعي D_A Description'!B318 -> 036451-447890-478504
B79: ='[1]تقرير فرعي D_A Description'!K344 -> MAEU 918399.6 | C79: ='[1]تقرير فرعي D_A Description'!E344 -> 239180221 | D79: ='[1]تقرير فرعي D_A Description'!F344 -> شركة المنارة المضيئة | E79: ='[1]تقرير فرعي D_A Description'!C344 -> 1 | F79: ='[1]تقرير فرعي D_A Description'!J344 -> 45HQ | G79: ='[1]تقرير فرعي D_A Description'!G344 -> 96 | H79: ='[1]تقرير فرعي D_A Description'!H344 -> 8650 | I79: ='[1]تقرير فرعي D_A Description'!B344 -> 009567-651477-060981
B80: ='[1]تقرير فرعي D_A Description'!K348 -> MRKU 266922.0 | C80: ='[1]تقرير فرعي D_A Description'!E348 -> 239180465 | D80: ='[1]تقرير فرعي D_A Description'!F348 -> شركة المنارة المضيئة | E80: ='[1]تقرير فرعي D_A Description'!C348 -> 4 | F80: ='[1]تقرير فرعي D_A Description'!J348 -> 40HQ | G80: 86 | H80: 8987.5 | I80: ='[1]تقرير فرعي D_A Description'!B348 -> 248627-085287-031450-176749
B81: ='[1]تقرير فرعي D_A Description'!K349 -> MSKU 102078.0 | C81: ='[1]تقرير فرعي D_A Description'!E349 -> 0 | D81: ='[1]تقرير فرعي D_A Description'!F349 -> 0 | E81: ='[1]تقرير فرعي D_A Description'!C349 -> 0 | F81: ='[1]تقرير فرعي D_A Description'!J349 -> 40HQ | G81: 86 | H81: 8987.5 | I81: ='[1]تقرير فرعي D_A Description'!B349 -> 135401-349783-254151-610784
B82: ='[1]تقرير فرعي D_A Description'!K350 -> TCKU 786735.5 | C82: ='[1]تقرير فرعي D_A Description'!E350 -> 0 | D82: ='[1]تقرير فرعي D_A Description'!F350 -> 0 | E82: ='[1]تقرير فرعي D_A Description'!C350 -> 0 | F82: ='[1]تقرير فرعي D_A Description'!J350 -> 40HQ | G82: 86 | H82: 8987.5 | I82: ='[1]تقرير فرعي D_A Description'!B350 -> 019431-304908-896098-211333
B83: ='[1]تقرير فرعي D_A Description'!K351 -> MSKU 052067.2 | C83: ='[1]تقرير فرعي D_A Description'!E351 -> 0 | D83: ='[1]تقرير فرعي D_A Description'!F351 -> 0 | E83: ='[1]تقرير فرعي D_A Description'!C351 -> 0 | F83: ='[1]تقرير فرعي D_A Description'!J351 -> 40HQ | G83: ='[1]تقرير فرعي D_A Description'!G351 -> 0 | H83: ='[1]تقرير فرعي D_A Description'!H351 -> 0 | I83: ='[1]تقرير فرعي D_A Description'!B351 -> 469197-265074-232234
B84: ='[1]تقرير فرعي D_A Description'!K371 -> HASU 414248.4 | C84: ='[1]تقرير فرعي D_A Description'!E371 -> 239552335 | D84: ='[1]تقرير فرعي D_A Description'!F371 -> شركة المنارة المضيئة | E84: ='[1]تقرير فرعي D_A Description'!C371 -> 4 | F84: ='[1]تقرير فرعي D_A Description'!J371 -> 40HQ | G84: 86 | H84: 8450 | I84: ='[1]تقرير فرعي D_A Description'!B371 -> 522562-503302-509261
B85: ='[1]تقرير فرعي D_A Description'!K372 -> MRKU 543994.1 | C85: ='[1]تقرير فرعي D_A Description'!E372 -> 0 | D85: ='[1]تقرير فرعي D_A Description'!F372 -> 0 | E85: ='[1]تقرير فرعي D_A Description'!C372 -> 0 | F85: ='[1]تقرير فرعي D_A Description'!J372 -> 40HQ | G85: 86 | H85: 8450 | I85: ='[1]تقرير فرعي D_A Description'!B372 -> 372652-020570-461363
B86: ='[1]تقرير فرعي D_A Description'!K373 -> PONU 804172.1 | C86: ='[1]تقرير فرعي D_A Description'!E373 -> 0 | D86: ='[1]تقرير فرعي D_A Description'!F373 -> 0 | E86: ='[1]تقرير فرعي D_A Description'!C373 -> 0 | F86: ='[1]تقرير فرعي D_A Description'!J373 -> 40HQ | G86: 86 | H86: 8450 | I86: ='[1]تقرير فرعي D_A Description'!B373 -> 111698-021449-456059
B87: ='[1]تقرير فرعي D_A Description'!K374 -> SUDU 693158.7 | C87: ='[1]تقرير فرعي D_A Description'!E374 -> 0 | D87: ='[1]تقرير فرعي D_A Description'!F374 -> 0 | E87: ='[1]تقرير فرعي D_A Description'!C374 -> 0 | F87: ='[1]تقرير فرعي D_A Description'!J374 -> 40HQ | G87: ='[1]تقرير فرعي D_A Description'!G374 -> 0 | H87: ='[1]تقرير فرعي D_A Description'!H374 -> 0 | I87: ='[1]تقرير فرعي D_A Description'!B374 -> 034962-455215-089856
B88: ='[1]تقرير فرعي D_A Description'!K391 -> TCLU 815828.5 | C88: ='[1]تقرير فرعي D_A Description'!E391 -> 239552398 | D88: ='[1]تقرير فرعي D_A Description'!F391 -> شركة المنارة المضيئة | E88: ='[1]تقرير فرعي D_A Description'!C391 -> 4 | F88: ='[1]تقرير فرعي D_A Description'!J391 -> 40HQ | G88: 86 | H88: 8307.5 | I88: ='[1]تقرير فرعي D_A Description'!B391 -> 089828-128332-268881-147644
B89: ='[1]تقرير فرعي D_A Description'!K392 -> TRHU 519799.3 | C89: ='[1]تقرير فرعي D_A Description'!E392 -> 0 | D89: ='[1]تقرير فرعي D_A Description'!F392 -> 0 | E89: ='[1]تقرير فرعي D_A Description'!C392 -> 0 | F89: ='[1]تقرير فرعي D_A Description'!J392 -> 40HQ | G89: 86 | H89: 8307.5 | I89: ='[1]تقرير فرعي D_A Description'!B392 -> 430987-420141-020737-282182
B90: ='[1]تقرير فرعي D_A Description'!K393 -> FFAU 535960.8 | C90: ='[1]تقرير فرعي D_A Description'!E393 -> 0 | D90: ='[1]تقرير فرعي D_A Description'!F393 -> 0 | E90: ='[1]تقرير فرعي D_A Description'!C393 -> 0 | F90: ='[1]تقرير فرعي D_A Description'!J393 -> 40HQ | G90: 86 | H90: 8307.5 | I90: ='[1]تقرير فرعي D_A Description'!B393 -> 612931-163595-168752
B91: ='[1]تقرير فرعي D_A Description'!K394 -> MRKU 244545.2 | C91: ='[1]تقرير فرعي D_A Description'!E394 -> 0 | D91: ='[1]تقرير فرعي D_A Description'!F394 -> 0 | E91: ='[1]تقرير فرعي D_A Description'!C394 -> 0 | F91: ='[1]تقرير فرعي D_A Description'!J394 -> 40HQ | G91: ='[1]تقرير فرعي D_A Description'!G394 -> 0 | H91: ='[1]تقرير فرعي D_A Description'!H394 -> 0 | I91: ='[1]تقرير فرعي D_A Description'!B394 -> 256445-023944-049783-025717
B92: ='[1]تقرير فرعي D_A Description'!K414 -> MAEU 917716.5 | C92: ='[1]تقرير فرعي D_A Description'!E414 -> 239552619 | D92: ='[1]تقرير فرعي D_A Description'!F414 -> شركة المنارة المضيئة | E92: ='[1]تقرير فرعي D_A Description'!C414 -> 1 | F92: ='[1]تقرير فرعي D_A Description'!J414 -> 45HQ | G92: ='[1]تقرير فرعي D_A Description'!G414 -> 96 | H92: ='[1]تقرير فرعي D_A Description'!H414 -> 8850 | I92: ='[1]تقرير فرعي D_A Description'!B414 -> 474611-523262-156435
B93: ='[1]تقرير فرعي D_A Description'!K419 -> TCLU 338997.5 | C93: ='[1]تقرير فرعي D_A Description'!E419 -> 238426938 | D93: ='[1]تقرير فرعي D_A Description'!F419 -> شركة الريادة للتوكيلات الملاحية | E93: ='[1]تقرير فرعي D_A Description'!C419 -> 11 | F93: ='[1]تقرير فرعي D_A Description'!J419 -> 20DC | G93: 38.5 | H93: 8233 | I93: ='[1]تقرير فرعي D_A Description'!B419 -> عدد 4506 طرد قطع غيار وكماليات سيارات +احذية+ جوارب+حقائب+الات موسيقية+فشار +أجهزة كهربائية +منتجات تنظيف+عازل سيليكون مطاطي+ الات خط إنتاج المواد الغذائية+ عدد9 سيارات(ارقام الهيكل بالكشف المرفق)
B94: ='[1]تقرير فرعي D_A Description'!K420 -> HASU 113148.6 | C94: ='[1]تقرير فرعي D_A Description'!E420 -> 0 | D94: ='[1]تقرير فرعي D_A Description'!F420 -> 0 | E94: ='[1]تقرير فرعي D_A Description'!C420 -> 0 | F94: ='[1]تقرير فرعي D_A Description'!J420 -> 20DC | G94: 38.5 | H94: 8233 | I94: ='[1]تقرير فرعي D_A Description'!B420 -> 0
B95: ='[1]تقرير فرعي D_A Description'!K421 -> MSKU 562050.3 | C95: ='[1]تقرير فرعي D_A Description'!E421 -> 0 | D95: ='[1]تقرير فرعي D_A Description'!F421 -> 0 | E95: ='[1]تقرير فرعي D_A Description'!C421 -> 0 | F95: ='[1]تقرير فرعي D_A Description'!J421 -> 20DC | G95: 38.5 | H95: 8233 | I95: ='[1]تقرير فرعي D_A Description'!B421 -> 0
B96: ='[1]تقرير فرعي D_A Description'!K422 -> MRKU 996740.1 | C96: ='[1]تقرير فرعي D_A Description'!E422 -> 0 | D96: ='[1]تقرير فرعي D_A Description'!F422 -> 0 | E96: ='[1]تقرير فرعي D_A Description'!C422 -> 0 | F96: ='[1]تقرير فرعي D_A Description'!J422 -> 20DC | G96: 86 | H96: 8233 | I96: ='[1]تقرير فرعي D_A Description'!B422 -> 0
B97: ='[1]تقرير فرعي D_A Description'!K423 -> MRKU 567520.6 | C97: ='[1]تقرير فرعي D_A Description'!E423 -> 0 | D97: ='[1]تقرير فرعي D_A Description'!F423 -> 0 | E97: ='[1]تقرير فرعي D_A Description'!C423 -> 0 | F97: ='[1]تقرير فرعي D_A Description'!J423 -> 40HQ | G97: 86 | H97: 8233 | I97: ='[1]تقرير فرعي D_A Description'!B423 -> 0
B98: ='[1]تقرير فرعي D_A Description'!K424 -> TCKU 612952.6 | C98: ='[1]تقرير فرعي D_A Description'!E424 -> 0 | D98: ='[1]تقرير فرعي D_A Description'!F424 -> 0 | E98: ='[1]تقرير فرعي D_A Description'!C424 -> 0 | F98: ='[1]تقرير فرعي D_A Description'!J424 -> 40HQ | G98: ='[1]تقرير فرعي D_A Description'!G424 -> 0 | H98: ='[1]تقرير فرعي D_A Description'!H424 -> 0 | I98: ='[1]تقرير فرعي D_A Description'!B424 -> 0
B99: ='[1]تقرير فرعي D_A Description'!K429 -> TLLU 766146.2 | C99: ='[1]تقرير فرعي D_A Description'!E429 -> 0 | D99: ='[1]تقرير فرعي D_A Description'!F429 -> 0 | E99: ='[1]تقرير فرعي D_A Description'!C429 -> 0 | F99: ='[1]تقرير فرعي D_A Description'!J429 -> 40HQ | G99: 86 | H99: 8233 | I99: ='[1]تقرير فرعي D_A Description'!B429 -> 0
B100: ='[1]تقرير فرعي D_A Description'!K430 -> MRKU 421054.4 | C100: ='[1]تقرير فرعي D_A Description'!E430 -> 0 | D100: ='[1]تقرير فرعي D_A Description'!F430 -> 0 | E100: ='[1]تقرير فرعي D_A Description'!C430 -> 0 | F100: ='[1]تقرير فرعي D_A Description'!J430 -> 40HQ | G100: 86 | H100: 8233 | I100: ='[1]تقرير فرعي D_A Description'!B430 -> 0
...

Sheet Sheet2
A1: T1 | B1: T2 | C1: T3 | D1: T7 | E1: T8 | F1: T4 | G1: T5 | H1: T6 | I1: T7 | J1: T9 | K1: T10 | L1: T11 | M1: T12 | N1: T13 | O1: T14 | P1: T15
A2: DFSU 776355.9 | B2: 237629895 | C2: شركة السيار للتوكيلات الملاحية | D2: 523917-562395-256839 | E2: 1 | F2: 40HQ | G2: 86 | H2: 6350 | I2: 523917-562395-256839
A3: CIPU 503525.0 | B3: 237629934 | C3: شركة السيار للتوكيلات الملاحية | D3: 475431-568226-355893 | E3: 1 | F3: 40HQ | G3: 86 | H3: 6450 | I3: 475431-568226-355893
A4: TCKU 723114.7 | B4: 237629948 | C4: شركة السيار للتوكيلات الملاحية | D4: 060074-011256-693540 | E4: 1 | F4: 40HQ | G4: 86 | H4: 6350 | I4: 060074-011256-693540
A5: MRKU 585941.4 | B5: 237629978 | C5: شركة السيار للتوكيلات الملاحية | D5: 489477-482833-296984 | E5: 1 | F5: 40HQ | G5: 86 | H5: 6450 | I5: 489477-482833-296984
A6: TCNU 549653.7 | B6: 237740105 | C6: شركة السيار للتوكيلات الملاحية | D6: 276034-496657-268046 | E6: 1 | F6: 40HQ | G6: 86 | H6: 6350 | I6: 276034-496657-268046
A7: MRKU 498664.6 | B7: 237740149 | C7: شركة السيار للتوكيلات الملاحية | D7: 329522-263849-827499 | E7: 1 | F7: 40HQ | G7: 86 | H7: 6250 | I7: 329522-263849-827499
A8: PONU 762614.1 | B8: 237740176 | C8: شركة السيار للتوكيلات الملاحية | D8: 079894-515631-201658 | E8: 1 | F8: 40HQ | G8: 86 | H8: 6250 | I8: 079894-515631-201658
A9: PONU 826560.8 | B9: 237740207 | C9: شركة السيار للتوكيلات الملاحية | D9: 569156-848557-463850 | E9: 1 | F9: 40HQ | G9: 86 | H9: 6450 | I9: 569156-848557-463850
A10: MRSU 508506.0 | B10: 237740244 | C10: شركة السيار للتوكيلات الملاحية | D10: 0229604-51529-002493 | E10: 1 | F10: 40HQ | G10: 86 | H10: 6450 | I10: 0229604-51529-002493
A11: HASU 509288.1 | B11: 238148207 | C11: شركة السيار للتوكيلات الملاحية | D11: 5TFUY5F15BX205346-218048-506639 | E11: 5 | F11: 40HQ | G11: 86 | H11: 6870 | I11: 5TFUY5F15BX205346-218048-506639
A12: CAAU 563466.6 | B12: 238148207 | C12: شركة السيار للتوكيلات الملاحية | D12: 424181-007610-727813 | E12: 5 | F12: 40HQ | G12: 86 | H12: 6870 | I12: 424181-007610-727813
A13: TCNU 876679.1 | B13: 238148207 | C13: شركة السيار للتوكيلات الملاحية | D13: 224735-399840-378110-173148 | E13: 5 | F13: 40HQ | G13: 86 | H13: 6870 | I13: 224735-399840-378110-173148
... A71: MRKU 232753.1 | B71: 239008179 | C71: شركة المنارة المضيئة | D71: 708913-121879-042473 | E71: 0 | F71: 40HQ | G71: 86 | H71: 6831.2 | I71: 708913-121879-042473
A72: MRSU 490535.4 | B72: 239008179 | C72: شركة المنارة المضيئة | D72: 097187-723023-099761 | E72: 0 | F72: 40HQ | G72: 86 | H72: 6831.3 | I72: 097187-723023-099761
A73: MRKU 345477.8 | B73: 239098921 | C73: شركة المنارة المضيئة | D73: 116199-238733-625231 | E73: 6 | F73: 40HQ | G73: 86 | H73: 6674.5 | I73: 116199-238733-625231
A74: MSKU 023615.7 | B74: 239098921 | C74: شركة المنارة المضيئة | D74: 209826-289587-410760-537658 | E74: 0 | F74: 40HQ | G74: 86 | H74: 6674.5 | I74: 209826-289587-410760-537658
A75: MRSU 561289.6 | B75: 239098921 | C75: شركة المنارة المضيئة | D75: 378143-733527-207028-079620 | E75: 0 | F75: 40HQ | G75: 86 | H75: 6674.5 | I75: 378143-733527-207028-079620
A76: MRSU 461984.9 | B76: 239098921 | C76: شركة المنارة المضيئة | D76: 003828-161884-140566-281108 | E76: 0 | F76: 40HQ | G76: 86 | H76: 6674.5 | I76: 003828-161884-140566-281108
A77: MRSU 327004.8 | B77: 239098921 | C77: شركة المنارة المضيئة | D77: 052042-089892-003722 | E77: 0 | F77: 40HQ | G77: 86 | H77: 6674.5 | I77: 052042-089892-003722
A78: MRKU 291424.6 | B78: 239098921 | C78: شركة المنارة المضيئة | D78: 036451-447890-478504 | E78: 0 | F78: 40HQ | G78: 86 | H78: 6674.6 | I78: 036451-447890-478504
A79: MAEU 918399.6 | B79: 239180221 | C79: شركة المنارة المضيئة | D79: 009567-651477-060981 | E79: 1 | F79: 45HQ | G79: 96 | H79: 8650 | I79: 009567-651477-060981
A80: MRKU 266922.0 | B80: 239180465 | C80: شركة المنارة المضيئة | D80: 248627-085287-031450-176749 | E80: 4 | F80: 40HQ | G80: 86 | H80: 8987.5 | I80: 248627-085287-031450-176749
A81: MSKU 102078.0 | B81: 239180465 | C81: شركة المنارة المضيئة | D81: 135401-349783-254151-610784 | E81: 0 | F81: 40HQ | G81: 86 | H81: 8987.5 | I81: 135401-349783-254151-610784
A82: TCKU 786735.5 | B82: 239180465 | C82: شركة المنارة المضيئة | D82: 019431-304908-896098-211333 | E82: 0 | F82: 40HQ | G82: 86 | H82: 8987.5 | I82: 019431-304908-896098-211333
A83: MSKU 052067.2 | B83: 239180465 | C83: شركة المنارة المضيئة | D83: 469197-265074-232234 | E83: 0 | F83: 40HQ | G83: 87 | H83: 8987.6 | I83: 469197-265074-232234
A84: HASU 414248.4 | B84: 239552335 | C84: شركة المنارة المضيئة | D84: 522562-503302-509261 | E84: 4 | F84: 40HQ | G84: 86 | H84: 8450 | I84: 522562-503302-509261
A85: MRKU 543994.1 | B85: 239552335 | C85: شركة المنارة المضيئة | D85: 372652-020570-461363 | E85: 0 | F85: 40HQ | G85: 86 | H85: 8450 | I85: 372652-020570-461363
A86: PONU 804172.1 | B86: 239552335 | C86: شركة المنارة المضيئة | D86: 111698-021449-456059 | E86: 0 | F86: 40HQ | G86: 86 | H86: 8450 | I86: 111698-021449-456059
A87: SUDU 693158.7 | B87: 239552335 | C87: شركة المنارة المضيئة | D87: 034962-455215-089856 | E87: 0 | F87: 40HQ | G87: 86 | H87: 8450 | I87: 034962-455215-089856
A88: TCLU 815828.5 | B88: 239552398 | C88: شركة المنارة المضيئة | D88: 089828-128332-268881-147644 | E88: 4 | F88: 40HQ | G88: 86 | H88: 8307.5 | I88: 089828-128332-268881-147644
A89: TRHU 519799.3 | B89: 239552398 | C89: شركة المنارة المضيئة | D89: 430987-420141-020737-282182 | E89: 0 | F89: 40HQ | G89: 86 | H89: 8307.5 | I89: 430987-420141-020737-282182
A90: FFAU 535960.8 | B90: 239552398 | C90: شركة المنارة المضيئة | D90: 612931-163595-168752 | E90: 0 | F90: 40HQ | G90: 86 | H90: 8307.5 | I90: 612931-163595-168752
... A188: MRKU 707874.5 | B188: 240448827 | C188: شركة يمامة الشرق | D188: عدد 77800 كرتونة مشروب سيرين فلوتس | E188: 0 | F188: 20DC | G188: 38.5 | H188: 19644.5 | I188: 0
A189: MSKU 737845.1 | B189: 240448827 | C189: شركة يمامة الشرق | D189: عدد 77800 كرتونة مشروب سيرين فلوتس | E189: 0 | F189: 20DC | G189: 38.5 | H189: 19644.6 | I189: 0
A190: SUDU 788778.7 | B190: 238672636 | C190: شركة العابرات الليبية للتوكيلات الملاحية والنقل | D190: عدد 3008 طرد حزم صفائح فولاذية+بخاخات+أسلاك كهربائية+ طوب+بضائع متنوعة +لفة خرطوم مياه +مجرفة+ شمسي+ اونستي+ ويلبارو+ كوتي+ مولدات+ طزينة دلو+ مواد بناء متنوعة | E190: 2 | F190: 20DC | G190: 38.5 | H190: 27590 | I190: عدد 3008 طرد حزم صفائح فولاذية+بخاخات+أسلاك كهربائية+ طوب+بضائع متنوعة +لفة خرطوم مياه +مجرفة+ شمسي+ اونستي+ ويلبارو+ كوتي+ مولدات+ طزينة دلو+ مواد بناء متنوعة
A191: CAAU 607086.9 | B191: 238672636 | C191: شركة العابرات الليبية للتوكيلات الملاحية والنقل | D191: عدد 3008 طرد حزم صفائح فولاذية+بخاخات+أسلاك كهربائية+ طوب+بضائع متنوعة +لفة خرطوم مياه +مجرفة+ شمسي+ اونستي+ ويلبارو+ كوتي+ مولدات+ طزينة دلو+ مواد بناء متنوعة | E191: 0 | F191: 40HQ | G191: 86 | H191: 27591 | I191: 0
A192: MSKU 438417.3 | B192: 239147715 | C192: شركة العابرات الليبية للتوكيلات الملاحية والنقل | D192: عدد 2250 طرد حفظ+ كيس نايلز+جاكامارا+صندوق المولد+ صفائح فولاذية+ بطانيات+تشانتا+سلع متنوعة+طوب+ إطارات+اسلاك كهربائية+كوندا+سجاد+بخاخ +ورق رام+لفة خرطوم مياه | E192: 4 | F192: 20DC | G192: 38.5 | H192: 28052.5 | I192: عدد 2250 طرد حفظ+ كيس نايلز+جاكامارا+صندوق المولد+ صفائح فولاذية+ بطانيات+تشانتا+سلع متنوعة+طوب+ إطارات+اسلاك كهربائية+كوندا+سجاد+بخاخ +ورق رام+لفة خرطوم مياه
A193: SUDU 133818.3 | B193: 239147715 | C193: شركة العابرات الليبية للتوكيلات الملاحية والنقل | D193: عدد 2250 طرد حفظ+ كيس نايلز+جاكامارا+صندوق المولد+ صفائح فولاذية+ بطانيات+تشانتا+سلع متنوعة+طوب+ إطارات+اسلاك كهربائية+كوندا+سجاد+بخاخ +ورق رام+لفة خرطوم مياه | E193: 0 | F193: 20DC | G193: 86 | H193: 28052.5 | I193: 0
A194: MRSU 423759.5 | B194: 239147715 | C194: شركة العابرات الليبية للتوكيلات الملاحية والنقل | D194: عدد 2250 طرد حفظ+ كيس نايلز+جاكامارا+صندوق المولد+ صفائح فولاذية+ بطانيات+تشانتا+سلع متنوعة+طوب+ إطارات+اسلاك كهربائية+كوندا+سجاد+بخاخ +ورق رام+لفة خرطوم مياه | E194: 0 | F194: 40HQ | G194: 86 | H194: 28052.5 | I194: 0
A195: MRSU 571798.4 | B195: 239147715 | C195: شركة العابرات الليبية للتوكيلات الملاحية والنقل | D195: عدد 2250 طرد حفظ+ كيس نايلز+جاكامارا+صندوق المولد+ صفائح فولاذية+ بطانيات+تشانتا+سلع متنوعة+طوب+ إطارات+اسلاك كهربائية+كوندا+سجاد+بخاخ +ورق رام+لفة خرطوم مياه | E195: 0 | F195: 40HQ | G195: 87 | H195: 28052.6 | I195: 0
A196: MSKU 721660.9 | B196: 238570728 | C196: شركة الماسة العربية | D196: عدد 1795 طرد أكريلك برايمر+طلاء + جص! | E196: 2 | F196: 20DC | G196: 38.5 | H196: 27385 | I196: عدد 1795 طرد أكريلك برايمر+طلاء + جص!
A197: TCKU 107236.7 | B197: 238570728 | C197: شركة الماسة العربية | D197: عدد 1795 طرد أكريلك برايمر+طلاء + جص! | E197: 0 | F197: 20DC | G197: 38.5 | H197: 27386 | I197: 0
A198: MRKU 928018.5 | B198: 239589079 | C198: شركة القدرة لاستيراد الأدوية واللقاحات البيطرية | D198: عدد 1571 كرتونة أدوية بيطرية | E198: 2 | F198: 20DC | G198: 38.5 | H198: 12990.5 | I198: عدد 1571 كرتونة أدوية بيطرية
A199: TCLU 545773.9 | B199: 239589079 | C199: شركة القدرة لاستيراد الأدوية واللقاحات البيطرية | D199: عدد 1571 كرتونة أدوية بيطرية | E199: 0 | F199: 40HQ | G199: 86 | H199: 12990.6 | I199: 0
A200: HASU 515912.0 | B200: 239221091 | C200: شركة الريادة المتحدة للاستيراد | D200: عدد 3126 قطعة إطارات | E200: 1 | F200: 40HQ | G200: 86 | H200: 20000 | I200: عدد 3126 قطعة إطارات
A201: MRKU 435837.8 | B201: 239107272 | C201: شركة الريادة المتحدة للاستيراد | D201: عدد 2600 قطعة إطارات | E201: 1 | F201: 40HQ | G201: 86 | H201: 20000 | I201: عدد 2600 قطعة إطارات
A202: MSKU 197946.0 | B202: 239756382 | C202: شركة الريادة المتحدة للاستيراد | D202: عدد 2750 قطعة إطارات | E202: 1 | F202: 40HQ | G202: 86 | H202: 20000 | I202: عدد 2750 قطعة إطارات
A203: MRSU 026968.1 | B203: 240522130 | C203: شركة قورينا للمنظومات الكهروميكانيكية | D203: عدد 7 طبليات فلاتر هواء | E203: 1 | F203: 20DC | G203: 38.5 | H203: 2308 | I203: عدد 7 طبليات فلاتر هواء
A204: TCKU 701723.8 | B204: 238817487 | C204: شركة الرافدة لقطع غيار السيارات | D204: عدد 543 طرد شمعة احتراق +فلتر سيارات+ مصابيح سيارات | E204: 1 | F204: 40HQ | G204: 86 | H204: 7820 | I204: عدد 543 طرد شمعة احتراق +فلتر سيارات+ مصابيح سيارات
A205: MRSU 563060.5 | B205: 238010537 | C205: شركة الرياد العربي | D205: عدد 460 كرتونة حقائب سفر | E205: 1 | F205: 40HQ | G205: 86 | H205: 6900 | I205: عدد 460 كرتونة حقائب سفر
A206: SUDU 672280.1 | B206: 240161053 | C206: شركة التواصل للاستيراد والتصدير | D206: عدد 3200 كرتونة زيوت محركات | E206: 2 | F206: 40HQ | G206: 86 | H206: 23547 | I206: عدد 3200 كرتونة زيوت محركات
A207: MSKU 917484.2 | B207: 240161053 | C207: شركة التواصل للاستيراد والتصدير | D207: عدد 3200 كرتونة زيوت محركات | E207: 0 | F207: 40HQ | G207: 86 | H207: 23547 | I207: 0
A208: TCKU 717253.2 | B208: 238232210 | C208: شركة أدم | D208: عدد 634 طرد كراسي طاولات | E208: 2 | F208: 40HQ | G208: 86 | H208: 4833 | I208: عدد 634 طرد كراسي طاولات
A209: PONU 823690.8 | B209: 238232210 | C209: شركة أدم | D209: عدد 634 طرد كراسي طاولات | E209: 0 | F209: 40HQ | G209: 86 | H209: 4833 | I209: 0
A210: MRKU 335561.0 | B210: 238001166 | C210: شركة خطوط نبتون الملاحية | D210: عدد 1860 كرتونة أحذية | E210: 4 | F210: 40HQ | G210: 86 | H210: 7717.5 | I210: عدد 1860 كرتونة أحذية
A211: SUDU 683436.0 | B211: 238001166 | C211: شركة خطوط نبتون الملاحية | D211: عدد 1860 كرتونة أحذية | E211: 0 | F211: 40HQ | G211: 86 | H211: 7717.5 | I211: 0
A212: MRKU 450470.2 | B212: 238001166 | C212: شركة خطوط نبتون الملاحية | D212: عدد 1860 كرتونة أحذية | E212: 0 | F212: 40HQ | G212: 86 | H212: 7717.5 | I212: 0
A213: MSKU 987163.6 | B213: 238001166 | C213: شركة خطوط نبتون الملاحية | D213: عدد 1860 كرتونة أحذية | E213: 0 | F213: 40HQ | G213: 87 | H213: 7717.6 | I213: 0
A214: MRKU 506478.4 | B214: 238001190 | C214: شركة خطوط نبتون الملاحية | D214: عدد 705 كرتونة ملابس | E214: 1 | F214: 40HQ | G214: 86 | H214: 11940 | I214: عدد 705 كرتونة ملابس
A215: MSKU 052677.3 | B215: 238001235 | C215: شركة خطوط نبتون الملاحية | D215: عدد 1101 كرتونة ملابس+ احذية+معطف واقي مطر | E215: 1 | F215: 40HQ | G215: 86 | H215: 22770 | I215: عدد 1101 كرتونة ملابس+ احذية+معطف واقي مطر
A216: MSKU 061208.5 | B216: APU026504 | C216: شركة أفريكا لاستيراد التبغ والكبريت | D216: عدد 9324 صندوق سجائر | E216: 9 | F216: 40HQ | G216: 86 | H216: 14721 | I216: عدد 9324 صندوق سجائر
A217: MSKU 994820.8 | B217: APU026504 | C217: شركة أفريكا لاستيراد التبغ والكبريت | D217: عدد 9324 صندوق سجائر | E217: 0 | F217: 40HQ | G217: 86 | H217: 14721 | I217: 0
A218: GCXU 560114.1 | B218: APU026504 | C218: شركة أفريكا لاستيراد التبغ والكبريت | D218: عدد 9324 صندوق سجائر | E218: 0 | F218: 40HQ | G218: 86 | H218: 14721 | I218: 0
A219: MRKU 324566.0 | B219: APU026504 | C219: شركة أفريكا لاستيراد التبغ والكبريت | D219: عدد 9324 صندوق سجائر | E219: 0 | F219: 40HQ | G219: 86 | H219: 14721 | I219: 0
... A427: MSKU 039663.8 | B427: 237911034 | C427: شركة الرفيق الأفضل | D427: عدد 470 كرتونة مصابيح إضاءة منزلية | E427: 1 | F427: 40HQ | G427: 86 | H427: 4106 | I427: عدد 470 كرتونة مصابيح إضاءة منزلية
A428: PONU 825182.0 | B428: 238013600 | C428: شركة الرياد العربي | D428: عدد 802 كرتونة حقائب مدرسية + حقائب يد | E428: 2 | F428: 40HQ | G428: 86 | H428: 11400 | I428: عدد 802 كرتونة حقائب مدرسية + حقائب يد
A429: MSKU 480841.4 | B429: 238013600 | C429: شركة الرياد العربي | D429: عدد 802 كرتونة حقائب مدرسية + حقائب يد | E429: 0 | F429: 45HQ | G429: 96 | H429: 11401 | I429: 0
A430: SUDU 897593.8 | B430: 237789321 | C430: شركة الخبرة للتوكيلات الملاحية | D430: عدد 6840 طرد مقاعد مكتبية | E430: 2 | F430: 40HQ | G430: 86 | H430: 10845 | I430: عدد 6840 طرد مقاعد مكتبية
A431: MSKU 146659.7 | B431: 237789321 | C431: شركة الخبرة للتوكيلات الملاحية | D431: عدد 6840 طرد مقاعد مكتبية | E431: 0 | F431: 40HQ | G431: 86 | H431: 10845 | I431: عدد 6840 طرد مقاعد مكتبية

Sheet Sheet3
A1: رقم البوليصة | B1: المستلم | C1: وصف البضاعة | D1: رقم الحاوية | E1: الوزن | F1: حجم الحاوية | G1: حجم حجم البضاعة | H1: التبريد | I1: مشتركة | J1: نوع الشحنة ووصفها
A2: =Sheet2!B2 -> 237629895 | B2: =Sheet2!C2 -> شركة السيار للتوكيلات الملاحية | C2: =Sheet2!D2 -> 523917-562395-256839 | D2: =Sheet2!A2 -> DFSU 776355.9 | E2: =Sheet2!H2 -> 6350 | F2: =Sheet2!G2 -> 86 | J2: سيارات
A3: =Sheet2!B3 -> 237629934 | B3: =Sheet2!C3 -> شركة السيار للتوكيلات الملاحية | C3: =Sheet2!D3 -> 475431-568226-355893 | D3: =Sheet2!A3 -> CIPU 503525.0 | E3: =Sheet2!H3 -> 6450 | F3: =Sheet2!G3 -> 86 | J3: سيارات
A4: =Sheet2!B4 -> 237629948 | B4: =Sheet2!C4 -> شركة السيار للتوكيلات الملاحية | C4: =Sheet2!D4 -> 060074-011256-693540 | D4: =Sheet2!A4 -> TCKU 723114.7 | E4: =Sheet2!H4 -> 6350 | F4: =Sheet2!G4 -> 86 | J4: سيارات
A5: =Sheet2!B5 -> 237629978 | B5: =Sheet2!C5 -> شركة السيار للتوكيلات الملاحية | C5: =Sheet2!D5 -> 489477-482833-296984 | D5: =Sheet2!A5 -> MRKU 585941.4 | E5: =Sheet2!H5 -> 6450 | F5: =Sheet2!G5 -> 86 | J5: سيارات
A6: =Sheet2!B6 -> 237740105 | B6: =Sheet2!C6 -> شركة السيار للتوكيلات الملاحية | C6: =Sheet2!D6 -> 276034-496657-268046 | D6: =Sheet2!A6 -> TCNU 549653.7 | E6: =Sheet2!H6 -> 6350 | F6: =Sheet2!G6 -> 86 | J6: سيارات
A7: =Sheet2!B7 -> 237740149 | B7: =Sheet2!C7 -> شركة السيار للتوكيلات الملاحية | C7: =Sheet2!D7 -> 329522-263849-827499 | D7: =Sheet2!A7 -> MRKU 498664.6 | E7: =Sheet2!H7 -> 6250 | F7: =Sheet2!G7 -> 86 | J7: سيارات
A8: =Sheet2!B8 -> 237740176 | B8: =Sheet2!C8 -> شركة السيار للتوكيلات الملاحية | C8: =Sheet2!D8 -> 079894-515631-201658 | D8: =Sheet2!A8 -> PONU 762614.1 | E8: =Sheet2!H8 -> 6250 | F8: =Sheet2!G8 -> 86 | J8: سيارات
A9: =Sheet2!B9 -> 237740207 | B9: =Sheet2!C9 -> شركة السيار للتوكيلات الملاحية | C9: =Sheet2!D9 -> 569156-848557-463850 | D9: =Sheet2!A9 -> PONU 826560.8 | E9: =Sheet2!H9 -> 6450 | F9: =Sheet2!G9 -> 86 | J9: سيارات
A10: =Sheet2!B10 -> 237740244 | B10: =Sheet2!C10 -> شركة السيار للتوكيلات الملاحية | C10: =Sheet2!D10 -> 0229604-51529-002493 | D10: =Sheet2!A10 -> MRSU 508506.0 | E10: =Sheet2!H10 -> 6450 | F10: =Sheet2!G10 -> 86 | J10: سيارات
A11: =Sheet2!B11 -> 238148207 | B11: =Sheet2!C11 -> شركة السيار للتوكيلات الملاحية | C11: =Sheet2!D11 -> 5TFUY5F15BX205346-218048-506639 | D11: =Sheet2!A11 -> HASU 509288.1 | E11: =Sheet2!H11 -> 6870 | F11: =Sheet2!G11 -> 86 | J11: سيارات
A12: =Sheet2!B12 -> 238148207 | B12: =Sheet2!C12 -> شركة السيار للتوكيلات الملاحية | C12: =Sheet2!D12 -> 424181-007610-727813 | D12: =Sheet2!A12 -> CAAU 563466.6 | E12: =Sheet2!H12 -> 6870 | F12: =Sheet2!G12 -> 86 | J12: سيارات
A13: =Sheet2!B13 -> 238148207 | B13: =Sheet2!C13 -> شركة السيار للتوكيلات الملاحية | C13: =Sheet2!D13 -> 224735-399840-378110-173148 | D13: =Sheet2!A13 -> TCNU 876679.1 | E13: =Sheet2!H13 -> 6870 | F13: =Sheet2!G13 -> 86 | J13: سيارات
... A82: =Sheet2!B82 -> 239180465 | B82: =Sheet2!C82 -> شركة المنارة المضيئة | C82: =Sheet2!D82 -> 019431-304908-896098-211333 | D82: =Sheet2!A82 -> TCKU 786735.5 | E82: =Sheet2!H82 -> 8987.5 | F82: =Sheet2!G82 -> 86 | J82: سيارات
A83: =Sheet2!B83 -> 239180465 | B83: =Sheet2!C83 -> شركة المنارة المضيئة | C83: =Sheet2!D83 -> 469197-265074-232234 | D83: =Sheet2!A83 -> MSKU 052067.2 | E83: =Sheet2!H83 -> 8987.6 | F83: 86 | J83: سيارات
A84: =Sheet2!B84 -> 239552335 | B84: =Sheet2!C84 -> شركة المنارة المضيئة | C84: =Sheet2!D84 -> 522562-503302-509261 | D84: =Sheet2!A84 -> HASU 414248.4 | E84: =Sheet2!H84 -> 8450 | F84: =Sheet2!G84 -> 86 | J84: سيارات
A85: =Sheet2!B85 -> 239552335 | B85: =Sheet2!C85 -> شركة المنارة المضيئة | C85: =Sheet2!D85 -> 372652-020570-461363 | D85: =Sheet2!A85 -> MRKU 543994.1 | E85: =Sheet2!H85 -> 8450 | F85: =Sheet2!G85 -> 86 | J85: سيارات
A86: =Sheet2!B86 -> 239552335 | B86: =Sheet2!C86 -> شركة المنارة المضيئة | C86: =Sheet2!D86 -> 111698-021449-456059 | D86: =Sheet2!A86 -> PONU 804172.1 | E86: =Sheet2!H86 -> 8450 | F86: =Sheet2!G86 -> 86 | J86: سيارات
A87: =Sheet2!B87 -> 239552335 | B87: =Sheet2!C87 -> شركة المنارة المضيئة | C87: =Sheet2!D87 -> 034962-455215-089856 | D87: =Sheet2!A87 -> SUDU 693158.7 | E87: =Sheet2!H87 -> 8450 | F87: =Sheet2!G87 -> 86 | J87: سيارات
A88: =Sheet2!B88 -> 239552398 | B88: =Sheet2!C88 -> شركة المنارة المضيئة | C88: =Sheet2!D88 -> 089828-128332-268881-147644 | D88: =Sheet2!A88 -> TCLU 815828.5 | E88: =Sheet2!H88 -> 8307.5 | F88: =Sheet2!G88 -> 86 | J88: سيارات
A89: =Sheet2!B89 -> 239552398 | B89: =Sheet2!C89 -> شركة المنارة المضيئة | C89: =Sheet2!D89 -> 430987-420141-020737-282182 | D89: =Sheet2!A89 -> TRHU 519799.3 | E89: =Sheet2!H89 -> 8307.5 | F89: =Sheet2!G89 -> 86 | J89: سيارات
A90: =Sheet2!B90 -> 239552398 | B90: =Sheet2!C90 -> شركة المنارة المضيئة | C90: =Sheet2!D90 -> 612931-163595-168752 | D90: =Sheet2!A90 -> FFAU 535960.8 | E90: =Sheet2!H90 -> 8307.5 | F90: =Sheet2!G90 -> 86 | J90: سيارات
A91: =Sheet2!B91 -> 239552398 | B91: =Sheet2!C91 -> شركة المنارة المضيئة | C91: =Sheet2!D91 -> 256445-023944-049783-025717 | D91: =Sheet2!A91 -> MRKU 244545.2 | E91: =Sheet2!H91 -> 8307.6 | F91: 86 | J91: سيارات
A92: =Sheet2!B92 -> 239552619 | B92: =Sheet2!C92 -> شركة المنارة المضيئة | C92: =Sheet2!D92 -> 474611-523262-156435 | D92: =Sheet2!A92 -> MAEU 917716.5 | E92: =Sheet2!H92 -> 8850 | F92: =Sheet2!G92 -> 96 | J92: سيارات
A93: =Sheet2!B93 -> 238426938 | B93: =Sheet2!C93 -> شركة الريادة للتوكيلات الملاحية | C93: =Sheet2!D93 -> عدد 4506 طرد قطع غيار وكماليات سيارات +احذية+ جوارب+حقائب+الات موسيقية+فشار +أجهزة كهربائية +منتجات تنظيف+عازل سيليكون مطاطي+ الات خط إنتاج المواد الغذائية+ عدد9 سيارات(ارقام الهيكل بالكشف المرفق) | D93: =Sheet2!A93 -> TCLU 338997.5 | E93: =Sheet2!H93 -> 8233 | F93: =Sheet2!G93 -> 38.5 | J93: بضائع مختلفة
A94: =Sheet2!B94 -> 238426938 | B94: =Sheet2!C94 -> شركة الريادة للتوكيلات الملاحية | C94: =Sheet2!D94 -> عدد 4506 طرد قطع غيار وكماليات سيارات +احذية+ جوارب+حقائب+الات موسيقية+فشار +أجهزة كهربائية +منتجات تنظيف+عازل سيليكون مطاطي+ الات خط إنتاج المواد الغذائية+ عدد9 سيارات(ارقام الهيكل بالكشف المرفق) | D94: =Sheet2!A94 -> HASU 113148.6 | E94: =Sheet2!H94 -> 8233 | F94: =Sheet2!G94 -> 38.5 | J94: بضائع مختلفة
A95: =Sheet2!B95 -> 238426938 | B95: =Sheet2!C95 -> شركة الريادة للتوكيلات الملاحية | C95: =Sheet2!D95 -> عدد 4506 طرد قطع غيار وكماليات سيارات +احذية+ جوارب+حقائب+الات موسيقية+فشار +أجهزة كهربائية +منتجات تنظيف+عازل سيليكون مطاطي+ الات خط إنتاج المواد الغذائية+ عدد9 سيارات(ارقام الهيكل بالكشف المرفق) | D95: =Sheet2!A95 -> MSKU 562050.3 | E95: =Sheet2!H95 -> 8233 | F95: =Sheet2!G95 -> 38.5 | J95: بضائع مختلفة
A96: =Sheet2!B96 -> 238426938 | B96: =Sheet2!C96 -> شركة الريادة للتوكيلات الملاحية | C96: =Sheet2!D96 -> عدد 4506 طرد قطع غيار وكماليات سيارات +احذية+ جوارب+حقائب+الات موسيقية+فشار +أجهزة كهربائية +منتجات تنظيف+عازل سيليكون مطاطي+ الات خط إنتاج المواد الغذائية+ عدد9 سيارات(ارقام الهيكل بالكشف المرفق) | D96: =Sheet2!A96 -> MRKU 996740.1 | E96: =Sheet2!H96 -> 8233 | F96: =Sheet2!G96 -> 86 | J96: بضائع مختلفة
A97: =Sheet2!B97 -> 238426938 | B97: =Sheet2!C97 -> شركة الريادة للتوكيلات الملاحية | C97: =Sheet2!D97 -> عدد 4506 طرد قطع غيار وكماليات سيارات +احذية+ جوارب+حقائب+الات موسيقية+فشار +أجهزة كهربائية +منتجات تنظيف+عازل سيليكون مطاطي+ الات خط إنتاج المواد الغذائية+ عدد9 سيارات(ارقام الهيكل بالكشف المرفق) | D97: =Sheet2!A97 -> MRKU 567520.6 | E97: =Sheet2!H97 -> 8233 | F97: =Sheet2!G97 -> 86 | J97: بضائع مختلفة
A98: =Sheet2!B98 -> 238426938 | B98: =Sheet2!C98 -> شركة الريادة للتوكيلات الملاحية | C98: =Sheet2!D98 -> عدد 4506 طرد قطع غيار وكماليات سيارات +احذية+ جوارب+حقائب+الات موسيقية+فشار +أجهزة كهربائية +منتجات تنظيف+عازل سيليكون مطاطي+ الات خط إنتاج المواد الغذائية+ عدد9 سيارات(ارقام الهيكل بالكشف المرفق) | D98: =Sheet2!A98 -> TCKU 612952.6 | E98: =Sheet2!H98 -> 8233 | F98: =Sheet2!G98 -> 86 | J98: بضائع مختلفة
A99: =Sheet2!B99 -> 238426938 | B99: =Sheet2!C99 -> شركة الريادة للتوكيلات الملاحية | C99: =Sheet2!D99 -> عدد 4506 طرد قطع غيار وكماليات سيارات +احذية+ جوارب+حقائب+الات موسيقية+فشار +أجهزة كهربائية +منتجات تنظيف+عازل سيليكون مطاطي+ الات خط إنتاج المواد الغذائية+ عدد9 سيارات(ارقام الهيكل بالكشف المرفق) | D99: =Sheet2!A99 -> TLLU 766146.2 | E99: =Sheet2!H99 -> 8233 | F99: =Sheet2!G99 -> 86 | J99: بضائع مختلفة
A100: =Sheet2!B100 -> 238426938 | B100: =Sheet2!C100 -> شركة الريادة للتوكيلات الملاحية | C100: =Sheet2!D100 -> عدد 4506 طرد قطع غيار وكماليات سيارات +احذية+ جوارب+حقائب+الات موسيقية+فشار +أجهزة كهربائية +منتجات تنظيف+عازل سيليكون مطاطي+ الات خط إنتاج المواد الغذائية+ عدد9 سيارات(ارقام الهيكل بالكشف المرفق) | D100: =Sheet2!A100 -> MRKU 421054.4 | E100: =Sheet2!H100 -> 8233 | F100: =Sheet2!G100 -> 86 | J100: بضائع مختلفة
A101: =Sheet2!B101 -> 238426938 | B101: =Sheet2!C101 -> شركة الريادة للتوكيلات الملاحية | C101: =Sheet2!D101 -> عدد 4506 طرد قطع غيار وكماليات سيارات +احذية+ جوارب+حقائب+الات موسيقية+فشار +أجهزة كهربائية +منتجات تنظيف+عازل سيليكون مطاطي+ الات خط إنتاج المواد الغذائية+ عدد9 سيارات(ارقام الهيكل بالكشف المرفق) | D101: =Sheet2!A101 -> MSKU 168667.3 | E101: =Sheet2!H101 -> 8233 | F101: =Sheet2!G101 -> 86 | J101: بضائع مختلفة
A102: =Sheet2!B102 -> 238426938 | B102: =Sheet2!C102 -> شركة الريادة للتوكيلات الملاحية | C102: =Sheet2!D102 -> عدد 4506 طرد قطع غيار وكماليات سيارات +احذية+ جوارب+حقائب+الات موسيقية+فشار +أجهزة كهربائية +منتجات تنظيف+عازل سيليكون مطاطي+ الات خط إنتاج المواد الغذائية+ عدد9 سيارات(ارقام الهيكل بالكشف المرفق) | D102: =Sheet2!A102 -> MRSU 573366.6 | E102: =Sheet2!H102 -> 8233 | F102: =Sheet2!G102 -> 86 | J102: بضائع مختلفة
A103: =Sheet2!B103 -> 238426938 | B103: =Sheet2!C103 -> شركة الريادة للتوكيلات الملاحية | C103: =Sheet2!D103 -> عدد 4506 طرد قطع غيار وكماليات سيارات +احذية+ جوارب+حقائب+الات موسيقية+فشار +أجهزة كهربائية +منتجات تنظيف+عازل سيليكون مطاطي+ الات خط إنتاج المواد الغذائية+ عدد9 سيارات(ارقام الهيكل بالكشف المرفق) | D103: =Sheet2!A103 -> CAIU 834751.2 | E103: =Sheet2!H103 -> 8233 | F103: =Sheet2!G103 -> 86 | J103: بضائع مختلفة
... A114: =Sheet2!B114 -> 238630589 | B114: =Sheet2!C114 -> شركة الريادة للتوكيلات الملاحية | C114: =Sheet2!D114 -> عدد 19150 طرد مواد عناية بالشعر والجسم+ ادوات كهربائية (فيوزات)+مواد تشغيل مصنع مواد غذائية (مكونات+مواد تنظيف+ مواد تغليف+ملابس)+ عدد 2 سيارات(ارقام الهيكل بالكشف المرفق) | D114: =Sheet2!A114 -> MRKU 572025.0 | E114: =Sheet2!H114 -> 17868.5 | F114: =Sheet2!G114 -> 86 | J114: بضائع مختلفة
A115: =Sheet2!B115 -> 238630589 | B115: =Sheet2!C115 -> شركة الريادة للتوكيلات الملاحية | C115: =Sheet2!D115 -> عدد 19150 طرد مواد عناية بالشعر والجسم+ ادوات كهربائية (فيوزات)+مواد تشغيل مصنع مواد غذائية (مكونات+مواد تنظيف+ مواد تغليف+ملابس)+ عدد 2 سيارات(ارقام الهيكل بالكشف المرفق) | D115: =Sheet2!A115 -> MRKU 219840.8 | E115: =Sheet2!H115 -> 17868.6 | F115: 86 | J115: بضائع مختلفة
A116: =Sheet2!B116 -> 238820979 | B116: =Sheet2!C116 -> شركة الريادة للتوكيلات الملاحية | C116: =Sheet2!D116 -> عدد 15043طرد مواد تنظيف+مدفأة كهربائية+حزمة وحدة سطح+مكيف هواء +مواد عناية بالشعر والجسم+ مواد منزلية لاستعمال مرة واحدة+آلة خط انتاج مواد غذائية+عناصر أجهزة منزلية+ عدد9سيارات(أرقام الهياكل بالكشف) | D116: =Sheet2!A116 -> HASU 140368.7 | E116: =Sheet2!H116 -> 11037.65 | F116: =Sheet2!G116 -> 86 | J116: بضائع مختلفة
A117: =Sheet2!B117 -> 238820979 | B117: =Sheet2!C117 -> شركة الريادة للتوكيلات الملاحية | C117: =Sheet2!D117 -> عدد 15043طرد مواد تنظيف+مدفأة كهربائية+حزمة وحدة سطح+مكيف هواء +مواد عناية بالشعر والجسم+ مواد منزلية لاستعمال مرة واحدة+آلة خط انتاج مواد غذائية+عناصر أجهزة منزلية+ عدد9سيارات(أرقام الهياكل بالكشف) | D117: =Sheet2!A117 -> GESU 678428.6 | E117: =Sheet2!H117 -> 11037.65 | F117: =Sheet2!G117 -> 86 | J117: بضائع مختلفة
A118: =Sheet2!B118 -> 238820979 | B118: =Sheet2!C118 -> شركة الريادة للتوكيلات الملاحية | C118: =Sheet2!D118 -> عدد 15043طرد مواد تنظيف+مدفأة كهربائية+حزمة وحدة سطح+مكيف هواء +مواد عناية بالشعر والجسم+ مواد منزلية لاستعمال مرة واحدة+آلة خط انتاج مواد غذائية+عناصر أجهزة منزلية+ عدد9سيارات(أرقام الهياكل بالكشف) | D118: =Sheet2!A118 -> MRKU 636901.0 | E118: =Sheet2!H118 -> 11037.65 | F118: =Sheet2!G118 -> 86 | J118: بضائع مختلفة
A119: =Sheet2!B119 -> 238820979 | B119: =Sheet2!C119 -> شركة الريادة للتوكيلات الملاحية | C119: =Sheet2!D119 -> عدد 15043طرد مواد تنظيف+مدفأة كهربائية+حزمة وحدة سطح+مكيف هواء +مواد عناية بالشعر والجسم+ مواد منزلية لاستعمال مرة واحدة+آلة خط انتاج مواد غذائية+عناصر أجهزة منزلية+ عدد9سيارات(أرقام الهياكل بالكشف) | D119: =Sheet2!A119 -> MRSU 553084.3 | E119: =Sheet2!H119 -> 11037.65 | F119: =Sheet2!G119 -> 86 | J119: بضائع مختلفة
A120: =Sheet2!B120 -> 238820979 | B120: =Sheet2!C120 -> شركة الريادة للتوكيلات الملاحية | C120: =Sheet2!D120 -> عدد 15043طرد مواد تنظيف+مدفأة كهربائية+حزمة وحدة سطح+مكيف هواء +مواد عناية بالشعر والجسم+ مواد منزلية لاستعمال مرة واحدة+آلة خط انتاج مواد غذائية+عناصر أجهزة منزلية+ عدد9سيارات(أرقام الهياكل بالكشف) | D120: =Sheet2!A120 -> TCKU 678192.0 | E120: =Sheet2!H120 -> 11037.65 | F120: =Sheet2!G120 -> 86 | J120: بضائع مختلفة
A121: =Sheet2!B121 -> 238820979 | B121: =Sheet2!C121 -> شركة الريادة للتوكيلات الملاحية | C121: =Sheet2!D121 -> عدد 15043طرد مواد تنظيف+مدفأة كهربائية+حزمة وحدة سطح+مكيف هواء +مواد عناية بالشعر والجسم+ مواد منزلية لاستعمال مرة واحدة+آلة خط انتاج مواد غذائية+عناصر أجهزة منزلية+ عدد9سيارات(أرقام الهياكل بالكشف) | D121: =Sheet2!A121 -> MSKU 179853.9 | E121: =Sheet2!H121 -> 11037.65 | F121: =Sheet2!G121 -> 86 | J121: بضائع مختلفة
A122: =Sheet2!B122 -> 238820979 | B122: =Sheet2!C122 -> شركة الريادة للتوكيلات الملاحية | C122: =Sheet2!D122 -> عدد 15043طرد مواد تنظيف+مدفأة كهربائية+حزمة وحدة سطح+مكيف هواء +مواد عناية بالشعر والجسم+ مواد منزلية لاستعمال مرة واحدة+آلة خط انتاج مواد غذائية+عناصر أجهزة منزلية+ عدد9سيارات(أرقام الهياكل بالكشف) | D122: =Sheet2!A122 -> TGHU 662821.8 | E122: =Sheet2!H122 -> 11037.65 | F122: =Sheet2!G122 -> 86 | J122: بضائع مختلفة
A123: =Sheet2!B123 -> 238820979 | B123: =Sheet2!C123 -> شركة الريادة للتوكيلات الملاحية | C123: =Sheet2!D123 -> عدد 15043طرد مواد تنظيف+مدفأة كهربائية+حزمة وحدة سطح+مكيف هواء +مواد عناية بالشعر والجسم+ مواد منزلية لاستعمال مرة واحدة+آلة خط انتاج مواد غذائية+عناصر أجهزة منزلية+ عدد9سيارات(أرقام الهياكل بالكشف) | D123: =Sheet2!A123 -> TEMU 854293.4 | E123: =Sheet2!H123 -> 11037.65 | F123: =Sheet2!G123 -> 86 | J123: بضائع مختلفة
A124: =Sheet2!B124 -> 238820979 | B124: =Sheet2!C124 -> شركة الريادة للتوكيلات الملاحية | C124: =Sheet2!D124 -> عدد 15043طرد مواد تنظيف+مدفأة كهربائية+حزمة وحدة سطح+مكيف هواء +مواد عناية بالشعر والجسم+ مواد منزلية لاستعمال مرة واحدة+آلة خط انتاج مواد غذائية+عناصر أجهزة منزلية+ عدد9سيارات(أرقام الهياكل بالكشف) | D124: =Sheet2!A124 -> MRKU 380894.8 | E124: =Sheet2!H124 -> 11037.65 | F124: =Sheet2!G124 -> 86 | J124: بضائع مختلفة
A125: =Sheet2!B125 -> 238820979 | B125: =Sheet2!C125 -> شركة الريادة للتوكيلات الملاحية | C125: =Sheet2!D125 -> عدد 15043طرد مواد تنظيف+مدفأة كهربائية+حزمة وحدة سطح+مكيف هواء +مواد عناية بالشعر والجسم+ مواد منزلية لاستعمال مرة واحدة+آلة خط انتاج مواد غذائية+عناصر أجهزة منزلية+ عدد9سيارات(أرقام الهياكل بالكشف) | D125: =Sheet2!A125 -> HASU 456265.6 | E125: =Sheet2!H125 -> 11037.65 | F125: =Sheet2!G125 -> 86 | J125: بضائع مختلفة
A126: =Sheet2!B126 -> 238820979 | B126: =Sheet2!C126 -> شركة الريادة للتوكيلات الملاحية | C126: =Sheet2!D126 -> عدد 15043طرد مواد تنظيف+مدفأة كهربائية+حزمة وحدة سطح+مكيف هواء +مواد عناية بالشعر والجسم+ مواد منزلية لاستعمال مرة واحدة+آلة خط انتاج مواد غذائية+عناصر أجهزة منزلية+ عدد9سيارات(أرقام الهياكل بالكشف) | D126: =Sheet2!A126 -> HASU 495472.3 | E126: =Sheet2!H126 -> 11037.65 | F126: =Sheet2!G126 -> 86 | J126: بضائع مختلفة
A127: =Sheet2!B127 -> 238820979 | B127: =Sheet2!C127 -> شركة الريادة للتوكيلات الملاحية | C127: =Sheet2!D127 -> عدد 15043طرد مواد تنظيف+مدفأة كهربائية+حزمة وحدة سطح+مكيف هواء +مواد عناية بالشعر والجسم+ مواد منزلية لاستعمال مرة واحدة+آلة خط انتاج مواد غذائية+عناصر أجهزة منزلية+ عدد9سيارات(أرقام الهياكل بالكشف) | D127: =Sheet2!A127 -> HASU 414094.3 | E127: =Sheet2!H127 -> 11037.65 | F127: =Sheet2!G127 -> 86 | J127: بضائع مختلفة
... A134: =Sheet2!B134 -> 238820979 | B134: =Sheet2!C134 -> شركة الريادة للتوكيلات الملاحية | C134: =Sheet2!D134 -> عدد 15043طرد مواد تنظيف+مدفأة كهربائية+حزمة وحدة سطح+مكيف هواء +مواد عناية بالشعر والجسم+ مواد منزلية لاستعمال مرة واحدة+آلة خط انتاج مواد غذائية+عناصر أجهزة منزلية+ عدد9سيارات(أرقام الهياكل بالكشف) | D134: =Sheet2!A134 -> CAAU 563970.8 | E134: =Sheet2!H134 -> 11037.65 | F134: =Sheet2!G134 -> 86 | J134: بضائع مختلفة
A135: =Sheet2!B135 -> 238820979 | B135: =Sheet2!C135 -> شركة الريادة للتوكيلات الملاحية | C135: =Sheet2!D135 -> عدد 15043طرد مواد تنظيف+مدفأة كهربائية+حزمة وحدة سطح+مكيف هواء +مواد عناية بالشعر والجسم+ مواد منزلية لاستعمال مرة واحدة+آلة خط انتاج مواد غذائية+عناصر أجهزة منزلية+ عدد9سيارات(أرقام الهياكل بالكشف) | D135: =Sheet2!A135 -> MRSU 370822.1 | E135: =Sheet2!H135 -> 11037.66 | F135: 86 | J135: بضائع مختلفة
A136: =Sheet2!B136 -> 238574971 | B136: =Sheet2!C136 -> شركة السراج للتوكيلات الملاحية | C136: =Sheet2!D136 -> عدد 3 سيارات تويوتا تندرا 5TFEY5F1XDX137956 دودج رام (1500) 1C6RD7NT4CS178985 تويوتا تاكوما 5TFJU4GN7CX014555 | D136: =Sheet2!A136 -> MSKU 481925.5 | E136: =Sheet2!H136 -> 6615.71 | F136: =Sheet2!G136 -> 96 | J136: سيارات
A137: =Sheet2!B137 -> 238575039 | B137: =Sheet2!C137 -> شركة السراج للتوكيلات الملاحية | C137: =Sheet2!D137 -> عدد 4 سيارات مرسيدس أم 4JGAB57E15A529046 كيا سبورتاج KNDPC3A62E7564077 كيا سبورتاج KNDPMCAC6H7098953 كيا روندو KNAFG525577056848 | D137: =Sheet2!A137 -> CAIU 586311.4 | E137: =Sheet2!H137 -> 6818.92 | F137: =Sheet2!G137 -> 96 | J137: سيارات
A138: =Sheet2!B138 -> 238625882 | B138: =Sheet2!C138 -> شركة طرابلس لاستيراد السيارات | C138: =Sheet2!D138 -> عدد 3 سيارات تويوتا تندرا 5TFDW5F19AX136908 انفينيتي كيو اكس (80) JN8AZ2NF1F9572822 هونداي سانتافيا 5NMS23AD5KH010497 | D138: =Sheet2!A138 -> MRKU 641871.1 | E138: =Sheet2!H138 -> 7101.59 | F138: =Sheet2!G138 -> 86 | J138: سيارات
A139: =Sheet2!B139 -> 239273061 | B139: =Sheet2!C139 -> شركة الميار الدولية | C139: =Sheet2!D139 -> عدد 3 سيارات تويوتا تندرا 5TBJN32141S218429 تويوتا تندرا 5TFBV541X8X054158 تويوتا تندرا 5TBRT34183S361442 | D139: =Sheet2!A139 -> MSKU 476887.8 | E139: =Sheet2!H139 -> 6284.14 | F139: =Sheet2!G139 -> 96 | J139: سيارات
A140: =Sheet2!B140 -> 239273107 | B140: =Sheet2!C140 -> شركة السراج للتوكيلات الملاحية | C140: =Sheet2!D140 -> عدد 3 سيارات مرسيدس إم 4JGBB5GB5AA567352 تويوتا تندرا 5TFNA5DB1PX121018 تويوتا تندرا 5TFBV54188X035303 | D140: =Sheet2!A140 -> MSKU 482096.0 | E140: =Sheet2!H140 -> 7199.49 | F140: =Sheet2!G140 -> 96 | J140: سيارات
A141: =Sheet2!B141 -> 239273158 | B141: =Sheet2!C141 -> شركة السراج للتوكيلات الملاحية | C141: =Sheet2!D141 -> عدد 3 سيارات تويوتا تندرا 5TBRT34183S423082 تويوتا تندرا 5TFRV54197X026168 تويوتا تندرا 5TFEV54138X060039 | D141: =Sheet2!A141 -> MSKU 464315.0 | E141: =Sheet2!H141 -> 6785.82 | F141: =Sheet2!G141 -> 96 | J141: سيارات
A142: =Sheet2!B142 -> 239277778 | B142: =Sheet2!C142 -> شركة مجموعة حبيب الفسي لاستيراد السيارات | C142: =Sheet2!D142 -> عدد 4 سيارات هونداي ازيرا KMHFH4JG8CA148686 هونداي جينيسس KMHGN4JE2FU078763 هونداي سنتافيا 5XYZK3AB1BG089528 تويوتا سيكويا 7SVAAABA4PX002127 | D142: =Sheet2!A142 -> MSKU 477896.3 | E142: =Sheet2!H142 -> 7150.31 | F142: =Sheet2!G142 -> 96 | J142: سيارات
A143: =Sheet2!B143 -> 239323235 | B143: =Sheet2!C143 -> شركة المتفوق | C143: =Sheet2!D143 -> عدد 3 سيارات تويوتا تندرا 5TFLA5DB5RX139354 ليكسس جي اكس (460) JTJJM7FX6D5054088 إنفنيتي كيو اكس (80) JN8AZ2NF7K9685698 | D143: =Sheet2!A143 -> MSKU 459228.5 | E143: =Sheet2!H143 -> 7308.19 | F143: =Sheet2!G143 -> 96 | J143: سيارات
A144: =Sheet2!B144 -> 238952958 | B144: =Sheet2!C144 -> شركة السراج للتوكيلات الملاحية | C144: =Sheet2!D144 -> عدد 4 سيارات هونداي سوناتا 5NPET46C99H442927 هونداي توسان KM8J33A45JU706174 نيسان فيرسا 3N1BC1CPXAL368434 هونداي سنتافيا 5NMS3DAJ3MH318618 | D144: =Sheet2!A144 -> MSKU 981647.5 | E144: =Sheet2!H144 -> 6357.24 | F144: =Sheet2!G144 -> 86 | J144: سيارات
A145: =Sheet2!B145 -> 238834826 | B145: =Sheet2!C145 -> شركة المقاولون العرب | C145: =Sheet2!D145 -> عدد 3 سيارات تويوتا لاند كروزر JTEBD9FJ30K011706 سوزوكي قراند فيراتا JSAJTDA4V00201323 تويوتا لان (25) AHTFK22G303080020 | D145: =Sheet2!A145 -> SUDU 730139.2 | E145: =Sheet2!H145 -> 6800 | F145: =Sheet2!G145 -> 86 | J145: سيارات
A146: =Sheet2!B146 -> 238834826 | B146: =Sheet2!C146 -> شركة المقاولون العرب | C146: =Sheet2!D146 -> عدد 3 سيارات تويوتا لاند كروزر JTEBD9FJ30K011706 سوزوكي قراند فيراتا JSAJTDA4V00201323 تويوتا لان (25) AHTFK22G303080020 | D146: =Sheet2!A146 -> TRLU 689593.4 | E146: =Sheet2!H146 -> 6800 | F146: =Sheet2!G146 -> 86 | J146: سيارات
A147: =Sheet2!B147 -> 238630640 | B147: =Sheet2!C147 -> شركة الخبرة للتوكيلات الملاحية | C147: =Sheet2!D147 -> عدد 13508 كرتونة حليب+ عدد 45 سيارة (ارقام الهيكل بالكشف المرفق) | D147: =Sheet2!A147 -> MRKU 992218.2 | E147: =Sheet2!H147 -> 8944 | F147: =Sheet2!G147 -> 38.5 | J147: سيارات
... A194: =Sheet2!B194 -> 239147715 | B194: =Sheet2!C194 -> شركة العابرات الليبية للتوكيلات الملاحية والنقل | C194: =Sheet2!D194 -> عدد 2250 طرد حفظ+ كيس نايلز+جاكامارا+صندوق المولد+ صفائح فولاذية+ بطانيات+تشانتا+سلع متنوعة+طوب+ إطارات+اسلاك كهربائية+كوندا+سجاد+بخاخ +ورق رام+لفة خرطوم مياه | D194: =Sheet2!A194 -> MRSU 423759.5 | E194: =Sheet2!H194 -> 28052.5 | F194: =Sheet2!G194 -> 86 | J194: بضائع مختلفة
A195: =Sheet2!B195 -> 239147715 | B195: =Sheet2!C195 -> شركة العابرات الليبية للتوكيلات الملاحية والنقل | C195: =Sheet2!D195 -> عدد 2250 طرد حفظ+ كيس نايلز+جاكامارا+صندوق المولد+ صفائح فولاذية+ بطانيات+تشانتا+سلع متنوعة+طوب+ إطارات+اسلاك كهربائية+كوندا+سجاد+بخاخ +ورق رام+لفة خرطوم مياه | D195: =Sheet2!A195 -> MRSU 571798.4 | E195: =Sheet2!H195 -> 28052.6 | F195: 86 | J195: بضائع مختلفة
A196: =Sheet2!B196 -> 238570728 | B196: =Sheet2!C196 -> شركة الماسة العربية | C196: =Sheet2!D196 -> عدد 1795 طرد أكريلك برايمر+طلاء + جص! | D196: =Sheet2!A196 -> MSKU 721660.9 | E196: =Sheet2!H196 -> 27385 | F196: =Sheet2!G196 -> 38.5 | J196: طلاء وملحقاته
A197: =Sheet2!B197 -> 238570728 | B197: =Sheet2!C197 -> شركة الماسة العربية | C197: =Sheet2!D197 -> عدد 1795 طرد أكريلك برايمر+طلاء + جص! | D197: =Sheet2!A197 -> TCKU 107236.7 | E197: =Sheet2!H197 -> 27386 | F197: =Sheet2!G197 -> 38.5 | J197: طلاء وملحقاته
A198: =Sheet2!B198 -> 239589079 | B198: =Sheet2!C198 -> شركة القدرة لاستيراد الأدوية واللقاحات البيطرية | C198: =Sheet2!D198 -> عدد 1571 كرتونة أدوية بيطرية | D198: =Sheet2!A198 -> MRKU 928018.5 | E198: =Sheet2!H198 -> 12990.5 | F198: =Sheet2!G198 -> 38.5 | J198: أدوية ومعدات طبية
A199: =Sheet2!B199 -> 239589079 | B199: =Sheet2!C199 -> شركة القدرة لاستيراد الأدوية واللقاحات البيطرية | C199: =Sheet2!D199 -> عدد 1571 كرتونة أدوية بيطرية | D199: =Sheet2!A199 -> TCLU 545773.9 | E199: =Sheet2!H199 -> 12990.6 | F199: =Sheet2!G199 -> 86 | J199: أدوية ومعدات طبية
A200: =Sheet2!B200 -> 239221091 | B200: =Sheet2!C200 -> شركة الريادة المتحدة للاستيراد | C200: =Sheet2!D200 -> عدد 3126 قطعة إطارات | D200: =Sheet2!A200 -> HASU 515912.0 | E200: =Sheet2!H200 -> 20000 | F200: =Sheet2!G200 -> 86 | J200: اطارات مركبات آلية
A201: =Sheet2!B201 -> 239107272 | B201: =Sheet2!C201 -> شركة الريادة المتحدة للاستيراد | C201: =Sheet2!D201 -> عدد 2600 قطعة إطارات | D201: =Sheet2!A201 -> MRKU 435837.8 | E201: =Sheet2!H201 -> 20000 | F201: =Sheet2!G201 -> 86 | J201: اطارات مركبات آلية
A202: =Sheet2!B202 -> 239756382 | B202: =Sheet2!C202 -> شركة الريادة المتحدة للاستيراد | C202: =Sheet2!D202 -> عدد 2750 قطعة إطارات | D202: =Sheet2!A202 -> MSKU 197946.0 | E202: =Sheet2!H202 -> 20000 | F202: =Sheet2!G202 -> 86 | J202: اطارات مركبات آلية
A203: =Sheet2!B203 -> 240522130 | B203: =Sheet2!C203 -> شركة قورينا للمنظومات الكهروميكانيكية | C203: =Sheet2!D203 -> عدد 7 طبليات فلاتر هواء | D203: =Sheet2!A203 -> MRSU 026968.1 | E203: =Sheet2!H203 -> 2308 | F203: =Sheet2!G203 -> 38.5
A204: =Sheet2!B204 -> 238817487 | B204: =Sheet2!C204 -> شركة الرافدة لقطع غيار السيارات | C204: =Sheet2!D204 -> عدد 543 طرد شمعة احتراق +فلتر سيارات+ مصابيح سيارات | D204: =Sheet2!A204 -> TCKU 701723.8 | E204: =Sheet2!H204 -> 7820 | F204: =Sheet2!G204 -> 86 | J204: قطع غيار وكمليات سيارات
A205: =Sheet2!B205 -> 238010537 | B205: =Sheet2!C205 -> شركة الرياد العربي | C205: =Sheet2!D205 -> عدد 460 كرتونة حقائب سفر | D205: =Sheet2!A205 -> MRSU 563060.5 | E205: =Sheet2!H205 -> 6900 | F205: =Sheet2!G205 -> 86 | J205: ملابس واحذية وحقائب
A206: =Sheet2!B206 -> 240161053 | B206: =Sheet2!C206 -> شركة التواصل للاستيراد والتصدير | C206: =Sheet2!D206 -> عدد 3200 كرتونة زيوت محركات | D206: =Sheet2!A206 -> SUDU 672280.1 | E206: =Sheet2!H206 -> 23547 | F206: =Sheet2!G206 -> 86 | J206: زيوت صناعية
A207: =Sheet2!B207 -> 240161053 | B207: =Sheet2!C207 -> شركة التواصل للاستيراد والتصدير | C207: =Sheet2!D207 -> عدد 3200 كرتونة زيوت محركات | D207: =Sheet2!A207 -> MSKU 917484.2 | E207: =Sheet2!H207 -> 23547 | F207: =Sheet2!G207 -> 86 | J207: زيوت صناعية
A208: =Sheet2!B208 -> 238232210 | B208: =Sheet2!C208 -> شركة أدم | C208: =Sheet2!D208 -> عدد 634 طرد كراسي طاولات | D208: =Sheet2!A208 -> TCKU 717253.2 | E208: =Sheet2!H208 -> 4833 | F208: =Sheet2!G208 -> 86 | J208: ادوات منزلية واثاث
A209: =Sheet2!B209 -> 238232210 | B209: =Sheet2!C209 -> شركة أدم | C209: =Sheet2!D209 -> عدد 634 طرد كراسي طاولات | D209: =Sheet2!A209 -> PONU 823690.8 | E209: =Sheet2!H209 -> 4833 | F209: =Sheet2!G209 -> 86 | J209: ادوات منزلية واثاث
A210: =Sheet2!B210 -> 238001166 | B210: =Sheet2!C210 -> شركة خطوط نبتون الملاحية | C210: =Sheet2!D210 -> عدد 1860 كرتونة أحذية | D210: =Sheet2!A210 -> MRKU 335561.0 | E210: =Sheet2!H210 -> 7717.5 | F210: =Sheet2!G210 -> 86 | J210: ملابس واحذية وحقائب
A211: =Sheet2!B211 -> 238001166 | B211: =Sheet2!C211 -> شركة خطوط نبتون الملاحية | C211: =Sheet2!D211 -> عدد 1860 كرتونة أحذية | D211: =Sheet2!A211 -> SUDU 683436.0 | E211: =Sheet2!H211 -> 7717.5 | F211: =Sheet2!G211 -> 86 | J211: ملابس واحذية وحقائب
A212: =Sheet2!B212 -> 238001166 | B212: =Sheet2!C212 -> شركة خطوط نبتون الملاحية | C212: =Sheet2!D212 -> عدد 1860 كرتونة أحذية | D212: =Sheet2!A212 -> MRKU 450470.2 | E212: =Sheet2!H212 -> 7717.5 | F212: =Sheet2!G212 -> 86 | J212: ملابس واحذية وحقائب
A213: =Sheet2!B213 -> 238001166 | B213: =Sheet2!C213 -> شركة خطوط نبتون الملاحية | C213: =Sheet2!D213 -> عدد 1860 كرتونة أحذية | D213: =Sheet2!A213 -> MSKU 987163.6 | E213: =Sheet2!H213 -> 7717.6 | F213: 86 | J213: ملابس واحذية وحقائب
A214: =Sheet2!B214 -> 238001190 | B214: =Sheet2!C214 -> شركة خطوط نبتون الملاحية | C214: =Sheet2!D214 -> عدد 705 كرتونة ملابس | D214: =Sheet2!A214 -> MRKU 506478.4 | E214: =Sheet2!H214 -> 11940 | F214: =Sheet2!G214 -> 86
A215: =Sheet2!B215 -> 238001235 | B215: =Sheet2!C215 -> شركة خطوط نبتون الملاحية | C215: =Sheet2!D215 -> عدد 1101 كرتونة ملابس+ احذية+معطف واقي مطر | D215: =Sheet2!A215 -> MSKU 052677.3 | E215: =Sheet2!H215 -> 22770 | F215: =Sheet2!G215 -> 86 | J215: ملابس واحذية وحقائب
A216: =Sheet2!B216 -> APU026504 | B216: =Sheet2!C216 -> شركة أفريكا لاستيراد التبغ والكبريت | C216: =Sheet2!D216 -> عدد 9324 صندوق سجائر | D216: =Sheet2!A216 -> MSKU 061208.5 | E216: =Sheet2!H216 -> 14721 | F216: =Sheet2!G216 -> 86 | J216: سجائر
A217: =Sheet2!B217 -> APU026504 | B217: =Sheet2!C217 -> شركة أفريكا لاستيراد التبغ والكبريت | C217: =Sheet2!D217 -> عدد 9324 صندوق سجائر | D217: =Sheet2!A217 -> MSKU 994820.8 | E217: =Sheet2!H217 -> 14721 | F217: =Sheet2!G217 -> 86 | J217: سجائر
A218: =Sheet2!B218 -> APU026504 | B218: =Sheet2!C218 -> شركة أفريكا لاستيراد التبغ والكبريت | C218: =Sheet2!D218 -> عدد 9324 صندوق سجائر | D218: =Sheet2!A218 -> GCXU 560114.1 | E218: =Sheet2!H218 -> 14721 | F218: =Sheet2!G218 -> 86 | J218: سجائر
A219: =Sheet2!B219 -> APU026504 | B219: =Sheet2!C219 -> شركة أفريكا لاستيراد التبغ والكبريت | C219: =Sheet2!D219 -> عدد 9324 صندوق سجائر | D219: =Sheet2!A219 -> MRKU 324566.0 | E219: =Sheet2!H219 -> 14721 | F219: =Sheet2!G219 -> 86 | J219: سجائر
A220: =Sheet2!B220 -> APU026504 | B220: =Sheet2!C220 -> شركة أفريكا لاستيراد التبغ والكبريت | C220: =Sheet2!D220 -> عدد 9324 صندوق سجائر | D220: =Sheet2!A220 -> MRSU 543239.0 | E220: =Sheet2!H220 -> 14721 | F220: =Sheet2!G220 -> 86 | J220: سجائر
A221: =Sheet2!B221 -> APU026504 | B221: =Sheet2!C221 -> شركة أفريكا لاستيراد التبغ والكبريت | C221: =Sheet2!D221 -> عدد 9324 صندوق سجائر | D221: =Sheet2!A221 -> MRSU 649223.9 | E221: =Sheet2!H221 -> 14721 | F221: =Sheet2!G221 -> 86 | J221: سجائر
A222: =Sheet2!B222 -> APU026504 | B222: =Sheet2!C222 -> شركة أفريكا لاستيراد التبغ والكبريت | C222: =Sheet2!D222 -> عدد 9324 صندوق سجائر | D222: =Sheet2!A222 -> HASU 456391.9 | E222: =Sheet2!H222 -> 14721 | F222: =Sheet2!G222 -> 86 | J222: سجائر
A223: =Sheet2!B223 -> APU026504 | B223: =Sheet2!C223 -> شركة أفريكا لاستيراد التبغ والكبريت | C223: =Sheet2!D223 -> عدد 9324 صندوق سجائر | D223: =Sheet2!A223 -> MRSU 343889.3 | E223: =Sheet2!H223 -> 14721 | F223: =Sheet2!G223 -> 86 | J223: سجائر
A224: =Sheet2!B224 -> APU026504 | B224: =Sheet2!C224 -> شركة أفريكا لاستيراد التبغ والكبريت | C224: =Sheet2!D224 -> عدد 9324 صندوق سجائر | D224: =Sheet2!A224 -> MRKU 583788.4 | E224: =Sheet2!H224 -> 14721 | F224: =Sheet2!G224 -> 86 | J224: سجائر
A225: =Sheet2!B225 -> 239043269 | B225: =Sheet2!C225 -> شركة شروق التعمير للمقاولات العامة والعقارات | C225: =Sheet2!D225 -> عدد 62 طرد هياكل فولاذية مفككة | D225: =Sheet2!A225 -> MAEU 408713.5 | E225: =Sheet2!H225 -> 22705 | F225: =Sheet2!G225 -> 86 | J225: حديد صناعي
A226: =Sheet2!B226 -> 239043269 | B226: =Sheet2!C226 -> شركة شروق التعمير للمقاولات العامة والعقارات | C226: =Sheet2!D226 -> عدد 62 طرد هياكل فولاذية مفككة | D226: =Sheet2!A226 -> MAEU 423129.0 | E226: =Sheet2!H226 -> 22705 | F226: =Sheet2!G226 -> 86 | J226: حديد صناعي
... A249: =Sheet2!B249 -> 237759497 | B249: =Sheet2!C249 -> شركة الريادة للتوكيلات الملاحية | C249: =Sheet2!D249 -> عدد 4514 كرتونة اداوت معدات+ مواد بناء+ مواد تنظيف منزلية+ مواد منزلية | D249: =Sheet2!A249 -> MRKU 247987.4 | E249: =Sheet2!H249 -> 14620 | F249: =Sheet2!G249 -> 86 | J249: بضائع مختلفة
A250: =Sheet2!B250 -> 238032468 | B250: =Sheet2!C250 -> شركة الرفيق الأفضل | C250: =Sheet2!D250 -> عدد 856 كرتونة دراجات أطفال | D250: =Sheet2!A250 -> MSKU 913585.1 | E250: =Sheet2!H250 -> 8650 | F250: =Sheet2!G250 -> 86
A251: =Sheet2!B251 -> 240872490 | B251: =Sheet2!C251 -> شركة الليث الأبيض | C251: =Sheet2!D251 -> عدد 590 كرتونة أدوات مطبخ | D251: =Sheet2!A251 -> MRKU 366534.3 | E251: =Sheet2!H251 -> 7800 | F251: =Sheet2!G251 -> 86 | J251: ادوات منزلية واثاث
A252: =Sheet2!B252 -> 240872491 | B252: =Sheet2!C252 -> شركة الرفيق الأفضل | C252: =Sheet2!D252 -> عدد 1156 كرتونة أدوات مطبخ | D252: =Sheet2!A252 -> TRHU 480809.0 | E252: =Sheet2!H252 -> 13880 | F252: =Sheet2!G252 -> 86 | J252: ادوات منزلية واثاث
...

Sheet Sheet4
A1: A
A2: ابواب ونوافذ
A3: اجبان ومشتقاتها
A4: اجهزة الاكترونية وملحقاتها
A5: اجهزة حاسوب وملحقاتها
A6: اجهزة كهربائية منزلية
A7: اخشاب
A8: ادوات مكتبية وقرطاسية
A9: ادوات منزلية واثاث
A10: اسفنج
A11: اسماك مجمدة
A12: اسمده وتربة زراعية
... A87: نضائد
